Time,RadioId,TagId,TagRSSI
2021-04-17 18:55:35,2,61662D7F,-108
2021-04-17 18:56:28,3,61662D7F,-108
2021-04-17 18:55:14,3,61662D7F,-107
2021-04-17 18:57:11,3,61662D7F,-107
2021-04-17 18:57:54,3,61662D7F,-107
2021-04-17 19:03:34,2,61662D7F,-107
2021-04-17 19:38:36,3,61662D7F,-107
2021-04-17 19:41:03,3,61662D7F,-107
2021-04-17 19:46:13,4,61662D7F,-107
2021-04-17 19:49:25,3,61662D7F,-107
2021-04-17 19:54:02,3,61662D7F,-107
2021-04-17 18:53:18,3,61662D7F,-106
2021-04-17 18:57:00,3,61662D7F,-106
2021-04-17 19:04:16,5,61662D7F,-106
2021-04-17 19:54:34,3,61662D7F,-106
2021-04-17 20:09:53,4,61662D7F,-106
2021-04-17 18:55:46,3,61662D7F,-105
2021-04-17 19:04:38,1,61662D7F,-105
2021-04-17 19:12:36,1,61662D7F,-105
2021-04-17 19:13:48,4,61662D7F,-105
2021-04-17 19:42:29,1,61662D7F,-105
2021-04-17 19:55:38,1,61662D7F,-105
2021-04-17 19:57:45,3,61662D7F,-105
2021-04-17 18:49:20,4,61662D7F,-104
2021-04-17 18:54:21,3,61662D7F,-104
2021-04-17 18:56:18,3,61662D7F,-104
2021-04-17 18:58:15,3,61662D7F,-104
2021-04-17 19:00:01,3,61662D7F,-104
2021-04-17 19:00:33,3,61662D7F,-104
2021-04-17 19:04:16,1,61662D7F,-104
2021-04-17 19:04:27,1,61662D7F,-104
2021-04-17 19:04:27,5,61662D7F,-104
2021-04-17 19:04:59,5,61662D7F,-104
2021-04-17 19:15:01,5,61662D7F,-104
2021-04-17 19:17:39,1,61662D7F,-104
2021-04-17 19:18:00,1,61662D7F,-104
2021-04-17 19:19:56,1,61662D7F,-104
2021-04-17 19:25:45,1,61662D7F,-104
2021-04-17 19:28:55,3,61662D7F,-104
2021-04-17 19:34:46,3,61662D7F,-104
2021-04-17 19:44:16,1,61662D7F,-104
2021-04-17 19:47:38,1,61662D7F,-104
2021-04-17 19:47:49,3,61662D7F,-104
2021-04-17 19:47:59,3,61662D7F,-104
2021-04-17 19:52:37,1,61662D7F,-104
2021-04-17 19:53:51,1,61662D7F,-104
2021-04-17 19:54:23,1,61662D7F,-104
2021-04-17 19:54:45,3,61662D7F,-104
2021-04-17 19:55:38,3,61662D7F,-104
2021-04-17 20:10:03,4,61662D7F,-104
2021-04-17 20:10:24,1,61662D7F,-104
2021-04-17 18:52:15,5,61662D7F,-103
2021-04-17 18:58:26,3,61662D7F,-103
2021-04-17 18:58:58,3,61662D7F,-103
2021-04-17 18:59:51,3,61662D7F,-103
2021-04-17 19:04:16,2,61662D7F,-103
2021-04-17 19:04:38,2,61662D7F,-103
2021-04-17 19:05:09,4,61662D7F,-103
2021-04-17 19:05:09,1,61662D7F,-103
2021-04-17 19:17:39,2,61662D7F,-103
2021-04-17 19:18:21,5,61662D7F,-103
2021-04-17 19:19:14,1,61662D7F,-103
2021-04-17 19:19:25,1,61662D7F,-103
2021-04-17 19:21:21,3,61662D7F,-103
2021-04-17 19:22:14,3,61662D7F,-103
2021-04-17 19:25:24,1,61662D7F,-103
2021-04-17 19:27:41,1,61662D7F,-103
2021-04-17 19:44:05,1,61662D7F,-103
2021-04-17 19:51:33,3,61662D7F,-103
2021-04-17 19:52:05,5,61662D7F,-103
2021-04-17 18:49:51,3,61662D7F,-102
2021-04-17 18:55:25,3,61662D7F,-102
2021-04-17 18:55:57,3,61662D7F,-102
2021-04-17 18:56:07,3,61662D7F,-102
2021-04-17 19:01:05,3,61662D7F,-102
2021-04-17 19:14:51,5,61662D7F,-102
2021-04-17 19:17:39,4,61662D7F,-102
2021-04-17 19:17:50,1,61662D7F,-102
2021-04-17 19:19:35,5,61662D7F,-102
2021-04-17 19:20:49,5,61662D7F,-102
2021-04-17 19:29:06,5,61662D7F,-102
2021-04-17 19:30:10,3,61662D7F,-102
2021-04-17 19:30:41,3,61662D7F,-102
2021-04-17 19:31:35,1,61662D7F,-102
2021-04-17 19:33:21,1,61662D7F,-102
2021-04-17 19:33:31,1,61662D7F,-102
2021-04-17 19:39:28,2,61662D7F,-102
2021-04-17 19:40:53,3,61662D7F,-102
2021-04-17 19:42:18,3,61662D7F,-102
2021-04-17 19:46:24,5,61662D7F,-102
2021-04-17 19:47:38,5,61662D7F,-102
2021-04-17 19:47:38,2,61662D7F,-102
2021-04-17 19:47:49,4,61662D7F,-102
2021-04-17 19:51:11,1,61662D7F,-102
2021-04-17 19:51:11,3,61662D7F,-102
2021-04-17 19:52:58,5,61662D7F,-102
2021-04-17 19:53:41,1,61662D7F,-102
2021-04-17 19:54:13,1,61662D7F,-102
2021-04-17 20:09:12,1,61662D7F,-102
2021-04-17 18:54:42,3,61662D7F,-101
2021-04-17 18:55:03,3,61662D7F,-101
2021-04-17 18:55:35,3,61662D7F,-101
2021-04-17 18:58:36,3,61662D7F,-101
2021-04-17 18:58:47,3,61662D7F,-101
2021-04-17 19:01:26,3,61662D7F,-101
2021-04-17 19:01:47,3,61662D7F,-101
2021-04-17 19:02:09,3,61662D7F,-101
2021-04-17 19:18:11,5,61662D7F,-101
2021-04-17 19:18:32,5,61662D7F,-101
2021-04-17 19:19:25,3,61662D7F,-101
2021-04-17 19:20:39,5,61662D7F,-101
2021-04-17 19:21:42,1,61662D7F,-101
2021-04-17 19:25:14,1,61662D7F,-101
2021-04-17 19:27:41,5,61662D7F,-101
2021-04-17 19:28:13,3,61662D7F,-101
2021-04-17 19:28:24,3,61662D7F,-101
2021-04-17 19:34:24,5,61662D7F,-101
2021-04-17 19:34:46,1,61662D7F,-101
2021-04-17 19:38:26,3,61662D7F,-101
2021-04-17 19:43:54,3,61662D7F,-101
2021-04-17 19:44:48,3,61662D7F,-101
2021-04-17 19:46:13,3,61662D7F,-101
2021-04-17 19:46:34,3,61662D7F,-101
2021-04-17 19:47:28,2,61662D7F,-101
2021-04-17 19:49:25,1,61662D7F,-101
2021-04-17 19:50:07,4,61662D7F,-101
2021-04-17 19:51:01,3,61662D7F,-101
2021-04-17 19:52:48,5,61662D7F,-101
2021-04-17 19:55:48,3,61662D7F,-101
2021-04-17 19:57:34,1,61662D7F,-101
2021-04-17 20:03:14,5,61662D7F,-101
2021-04-17 20:09:12,5,61662D7F,-101
2021-04-17 20:09:32,5,61662D7F,-101
2021-04-17 18:49:00,5,61662D7F,-100
2021-04-17 18:49:30,4,61662D7F,-100
2021-04-17 18:51:33,1,61662D7F,-100
2021-04-17 18:52:46,3,61662D7F,-100
2021-04-17 18:53:07,3,61662D7F,-100
2021-04-17 18:54:53,3,61662D7F,-100
2021-04-17 19:00:44,3,61662D7F,-100
2021-04-17 19:13:48,2,61662D7F,-100
2021-04-17 19:15:44,1,61662D7F,-100
2021-04-17 19:18:43,5,61662D7F,-100
2021-04-17 19:19:56,3,61662D7F,-100
2021-04-17 19:20:39,1,61662D7F,-100
2021-04-17 19:21:21,2,61662D7F,-100
2021-04-17 19:21:32,5,61662D7F,-100
2021-04-17 19:22:46,3,61662D7F,-100
2021-04-17 19:23:49,1,61662D7F,-100
2021-04-17 19:25:14,2,61662D7F,-100
2021-04-17 19:25:35,1,61662D7F,-100
2021-04-17 19:26:17,5,61662D7F,-100
2021-04-17 19:29:17,1,61662D7F,-100
2021-04-17 19:30:31,5,61662D7F,-100
2021-04-17 19:30:52,5,61662D7F,-100
2021-04-17 19:32:17,1,61662D7F,-100
2021-04-17 19:34:03,3,61662D7F,-100
2021-04-17 19:42:29,3,61662D7F,-100
2021-04-17 19:44:05,2,61662D7F,-100
2021-04-17 19:45:52,3,61662D7F,-100
2021-04-17 19:46:02,3,61662D7F,-100
2021-04-17 19:46:45,5,61662D7F,-100
2021-04-17 19:47:17,2,61662D7F,-100
2021-04-17 19:47:28,4,61662D7F,-100
2021-04-17 19:49:35,2,61662D7F,-100
2021-04-17 19:51:22,1,61662D7F,-100
2021-04-17 19:52:16,5,61662D7F,-100
2021-04-17 19:53:19,1,61662D7F,-100
2021-04-17 19:55:06,2,61662D7F,-100
2021-04-17 19:55:38,5,61662D7F,-100
2021-04-17 19:57:45,1,61662D7F,-100
2021-04-17 20:08:51,1,61662D7F,-100
2021-04-17 20:09:32,3,61662D7F,-100
2021-04-17 18:48:18,3,61662D7F,-99
2021-04-17 18:48:29,3,61662D7F,-99
2021-04-17 18:49:10,5,61662D7F,-99
2021-04-17 18:51:54,2,61662D7F,-99
2021-04-17 18:53:49,2,61662D7F,-99
2021-04-17 18:54:21,2,61662D7F,-99
2021-04-17 18:59:08,3,61662D7F,-99
2021-04-17 18:59:40,3,61662D7F,-99
2021-04-17 19:00:12,3,61662D7F,-99
2021-04-17 19:00:23,3,61662D7F,-99
2021-04-17 19:01:37,3,61662D7F,-99
2021-04-17 19:12:25,1,61662D7F,-99
2021-04-17 19:17:50,2,61662D7F,-99
2021-04-17 19:21:21,4,61662D7F,-99
2021-04-17 19:21:42,3,61662D7F,-99
2021-04-17 19:22:03,3,61662D7F,-99
2021-04-17 19:22:14,1,61662D7F,-99
2021-04-17 19:24:52,5,61662D7F,-99
2021-04-17 19:28:55,1,61662D7F,-99
2021-04-17 19:30:20,3,61662D7F,-99
2021-04-17 19:30:41,5,61662D7F,-99
2021-04-17 19:34:03,1,61662D7F,-99
2021-04-17 19:40:53,5,61662D7F,-99
2021-04-17 19:40:53,1,61662D7F,-99
2021-04-17 19:41:03,2,61662D7F,-99
2021-04-17 19:42:18,5,61662D7F,-99
2021-04-17 19:42:18,4,61662D7F,-99
2021-04-17 19:42:50,4,61662D7F,-99
2021-04-17 19:43:44,3,61662D7F,-99
2021-04-17 19:44:05,3,61662D7F,-99
2021-04-17 19:49:35,5,61662D7F,-99
2021-04-17 19:49:35,1,61662D7F,-99
2021-04-17 19:51:01,4,61662D7F,-99
2021-04-17 19:51:01,1,61662D7F,-99
2021-04-17 19:51:54,5,61662D7F,-99
2021-04-17 19:52:58,4,61662D7F,-99
2021-04-17 20:08:20,3,61662D7F,-99
2021-04-17 20:09:42,5,61662D7F,-99
2021-04-17 20:09:53,1,61662D7F,-99
2021-04-17 20:10:03,3,61662D7F,-99
2021-04-17 20:10:13,3,61662D7F,-99
2021-04-17 20:10:13,5,61662D7F,-99
2021-04-17 18:48:08,3,61662D7F,-98
2021-04-17 18:48:39,3,61662D7F,-98
2021-04-17 18:49:41,3,61662D7F,-98
2021-04-17 18:52:36,3,61662D7F,-98
2021-04-17 18:52:57,3,61662D7F,-98
2021-04-17 18:54:32,3,61662D7F,-98
2021-04-17 18:56:39,3,61662D7F,-98
2021-04-17 19:00:54,3,61662D7F,-98
2021-04-17 19:01:16,3,61662D7F,-98
2021-04-17 19:02:19,3,61662D7F,-98
2021-04-17 19:03:44,2,61662D7F,-98
2021-04-17 19:04:27,3,61662D7F,-98
2021-04-17 19:05:31,1,61662D7F,-98
2021-04-17 19:10:23,3,61662D7F,-98
2021-04-17 19:10:33,4,61662D7F,-98
2021-04-17 19:13:07,1,61662D7F,-98
2021-04-17 19:17:50,4,61662D7F,-98
2021-04-17 19:19:04,5,61662D7F,-98
2021-04-17 19:19:14,5,61662D7F,-98
2021-04-17 19:20:18,1,61662D7F,-98
2021-04-17 19:20:18,3,61662D7F,-98
2021-04-17 19:21:00,1,61662D7F,-98
2021-04-17 19:22:03,5,61662D7F,-98
2021-04-17 19:22:03,1,61662D7F,-98
2021-04-17 19:22:35,2,61662D7F,-98
2021-04-17 19:22:46,1,61662D7F,-98
2021-04-17 19:23:17,1,61662D7F,-98
2021-04-17 19:24:21,2,61662D7F,-98
2021-04-17 19:24:52,3,61662D7F,-98
2021-04-17 19:26:17,1,61662D7F,-98
2021-04-17 19:27:20,1,61662D7F,-98
2021-04-17 19:27:31,1,61662D7F,-98
2021-04-17 19:27:41,3,61662D7F,-98
2021-04-17 19:30:20,5,61662D7F,-98
2021-04-17 19:30:31,1,61662D7F,-98
2021-04-17 19:30:41,2,61662D7F,-98
2021-04-17 19:31:45,5,61662D7F,-98
2021-04-17 19:33:31,5,61662D7F,-98
2021-04-17 19:34:24,3,61662D7F,-98
2021-04-17 19:36:10,3,61662D7F,-98
2021-04-17 19:39:39,3,61662D7F,-98
2021-04-17 19:40:32,1,61662D7F,-98
2021-04-17 19:40:42,3,61662D7F,-98
2021-04-17 19:41:03,5,61662D7F,-98
2021-04-17 19:41:14,3,61662D7F,-98
2021-04-17 19:42:29,5,61662D7F,-98
2021-04-17 19:43:44,2,61662D7F,-98
2021-04-17 19:43:44,1,61662D7F,-98
2021-04-17 19:43:54,5,61662D7F,-98
2021-04-17 19:44:48,1,61662D7F,-98
2021-04-17 19:47:49,5,61662D7F,-98
2021-04-17 19:47:59,4,61662D7F,-98
2021-04-17 19:49:03,1,61662D7F,-98
2021-04-17 19:49:14,1,61662D7F,-98
2021-04-17 19:51:11,5,61662D7F,-98
2021-04-17 19:51:33,1,61662D7F,-98
2021-04-17 19:51:44,1,61662D7F,-98
2021-04-17 19:52:05,1,61662D7F,-98
2021-04-17 19:52:37,2,61662D7F,-98
2021-04-17 19:52:48,1,61662D7F,-98
2021-04-17 19:54:02,1,61662D7F,-98
2021-04-17 19:55:27,3,61662D7F,-98
2021-04-17 20:08:30,3,61662D7F,-98
2021-04-17 20:09:32,2,61662D7F,-98
2021-04-17 20:09:32,1,61662D7F,-98
2021-04-17 20:10:03,5,61662D7F,-98
2021-04-17 18:51:13,1,61662D7F,-97
2021-04-17 18:51:54,5,61662D7F,-97
2021-04-17 18:52:04,5,61662D7F,-97
2021-04-17 18:52:04,2,61662D7F,-97
2021-04-17 18:52:04,3,61662D7F,-97
2021-04-17 18:52:25,5,61662D7F,-97
2021-04-17 18:53:28,3,61662D7F,-97
2021-04-17 18:53:39,3,61662D7F,-97
2021-04-17 18:53:49,3,61662D7F,-97
2021-04-17 19:01:58,3,61662D7F,-97
2021-04-17 19:02:30,3,61662D7F,-97
2021-04-17 19:02:40,3,61662D7F,-97
2021-04-17 19:02:51,3,61662D7F,-97
2021-04-17 19:04:27,2,61662D7F,-97
2021-04-17 19:05:20,1,61662D7F,-97
2021-04-17 19:10:33,3,61662D7F,-97
2021-04-17 19:10:54,4,61662D7F,-97
2021-04-17 19:12:15,1,61662D7F,-97
2021-04-17 19:12:36,5,61662D7F,-97
2021-04-17 19:13:07,5,61662D7F,-97
2021-04-17 19:13:17,5,61662D7F,-97
2021-04-17 19:13:38,2,61662D7F,-97
2021-04-17 19:14:41,5,61662D7F,-97
2021-04-17 19:14:41,4,61662D7F,-97
2021-04-17 19:15:12,5,61662D7F,-97
2021-04-17 19:15:12,2,61662D7F,-97
2021-04-17 19:15:44,5,61662D7F,-97
2021-04-17 19:15:44,2,61662D7F,-97
2021-04-17 19:17:50,5,61662D7F,-97
2021-04-17 19:18:00,5,61662D7F,-97
2021-04-17 19:18:21,1,61662D7F,-97
2021-04-17 19:18:53,1,61662D7F,-97
2021-04-17 19:18:53,5,61662D7F,-97
2021-04-17 19:19:14,3,61662D7F,-97
2021-04-17 19:19:35,1,61662D7F,-97
2021-04-17 19:19:46,3,61662D7F,-97
2021-04-17 19:19:46,1,61662D7F,-97
2021-04-17 19:20:18,5,61662D7F,-97
2021-04-17 19:20:28,1,61662D7F,-97
2021-04-17 19:21:00,5,61662D7F,-97
2021-04-17 19:21:10,1,61662D7F,-97
2021-04-17 19:22:35,3,61662D7F,-97
2021-04-17 19:26:06,4,61662D7F,-97
2021-04-17 19:27:20,3,61662D7F,-97
2021-04-17 19:28:03,3,61662D7F,-97
2021-04-17 19:28:24,1,61662D7F,-97
2021-04-17 19:29:38,4,61662D7F,-97
2021-04-17 19:30:52,4,61662D7F,-97
2021-04-17 19:32:07,4,61662D7F,-97
2021-04-17 19:32:17,4,61662D7F,-97
2021-04-17 19:34:14,5,61662D7F,-97
2021-04-17 19:34:24,1,61662D7F,-97
2021-04-17 19:37:55,3,61662D7F,-97
2021-04-17 19:38:26,1,61662D7F,-97
2021-04-17 19:38:47,1,61662D7F,-97
2021-04-17 19:39:18,3,61662D7F,-97
2021-04-17 19:39:28,5,61662D7F,-97
2021-04-17 19:41:14,1,61662D7F,-97
2021-04-17 19:42:07,5,61662D7F,-97
2021-04-17 19:43:33,3,61662D7F,-97
2021-04-17 19:43:54,1,61662D7F,-97
2021-04-17 19:43:54,2,61662D7F,-97
2021-04-17 19:44:26,5,61662D7F,-97
2021-04-17 19:44:37,1,61662D7F,-97
2021-04-17 19:44:37,3,61662D7F,-97
2021-04-17 19:46:24,1,61662D7F,-97
2021-04-17 19:46:34,5,61662D7F,-97
2021-04-17 19:47:59,5,61662D7F,-97
2021-04-17 19:49:14,3,61662D7F,-97
2021-04-17 19:52:16,1,61662D7F,-97
2021-04-17 19:52:26,1,61662D7F,-97
2021-04-17 19:52:37,5,61662D7F,-97
2021-04-17 19:53:51,5,61662D7F,-97
2021-04-17 19:54:23,5,61662D7F,-97
2021-04-17 19:54:45,5,61662D7F,-97
2021-04-17 20:09:42,3,61662D7F,-97
2021-04-17 20:09:53,5,61662D7F,-97
2021-04-17 18:43:05,1,61662D7F,-96
2021-04-17 18:47:05,5,61662D7F,-96
2021-04-17 18:51:13,5,61662D7F,-96
2021-04-17 18:51:33,2,61662D7F,-96
2021-04-17 18:51:33,5,61662D7F,-96
2021-04-17 18:51:44,1,61662D7F,-96
2021-04-17 18:51:44,5,61662D7F,-96
2021-04-17 18:52:15,2,61662D7F,-96
2021-04-17 18:52:46,2,61662D7F,-96
2021-04-17 18:54:11,3,61662D7F,-96
2021-04-17 19:03:02,3,61662D7F,-96
2021-04-17 19:03:55,3,61662D7F,-96
2021-04-17 19:04:06,2,61662D7F,-96
2021-04-17 19:05:09,2,61662D7F,-96
2021-04-17 19:05:09,5,61662D7F,-96
2021-04-17 19:08:09,4,61662D7F,-96
2021-04-17 19:12:36,2,61662D7F,-96
2021-04-17 19:13:17,2,61662D7F,-96
2021-04-17 19:13:27,2,61662D7F,-96
2021-04-17 19:14:51,2,61662D7F,-96
2021-04-17 19:15:33,2,61662D7F,-96
2021-04-17 19:15:54,1,61662D7F,-96
2021-04-17 19:16:05,1,61662D7F,-96
2021-04-17 19:16:15,4,61662D7F,-96
2021-04-17 19:16:36,1,61662D7F,-96
2021-04-17 19:16:57,5,61662D7F,-96
2021-04-17 19:17:08,2,61662D7F,-96
2021-04-17 19:17:08,5,61662D7F,-96
2021-04-17 19:17:39,5,61662D7F,-96
2021-04-17 19:19:04,1,61662D7F,-96
2021-04-17 19:19:56,5,61662D7F,-96
2021-04-17 19:20:28,3,61662D7F,-96
2021-04-17 19:20:49,3,61662D7F,-96
2021-04-17 19:21:32,1,61662D7F,-96
2021-04-17 19:21:42,5,61662D7F,-96
2021-04-17 19:21:53,3,61662D7F,-96
2021-04-17 19:25:03,3,61662D7F,-96
2021-04-17 19:26:17,2,61662D7F,-96
2021-04-17 19:28:13,5,61662D7F,-96
2021-04-17 19:28:34,4,61662D7F,-96
2021-04-17 19:28:34,3,61662D7F,-96
2021-04-17 19:29:48,1,61662D7F,-96
2021-04-17 19:30:10,1,61662D7F,-96
2021-04-17 19:30:20,1,61662D7F,-96
2021-04-17 19:30:31,2,61662D7F,-96
2021-04-17 19:31:56,2,61662D7F,-96
2021-04-17 19:32:17,2,61662D7F,-96
2021-04-17 19:33:00,3,61662D7F,-96
2021-04-17 19:33:00,4,61662D7F,-96
2021-04-17 19:33:00,1,61662D7F,-96
2021-04-17 19:33:31,3,61662D7F,-96
2021-04-17 19:34:14,1,61662D7F,-96
2021-04-17 19:34:14,3,61662D7F,-96
2021-04-17 19:38:36,5,61662D7F,-96
2021-04-17 19:39:28,3,61662D7F,-96
2021-04-17 19:40:42,1,61662D7F,-96
2021-04-17 19:41:25,1,61662D7F,-96
2021-04-17 19:41:57,4,61662D7F,-96
2021-04-17 19:42:18,2,61662D7F,-96
2021-04-17 19:46:02,1,61662D7F,-96
2021-04-17 19:46:13,5,61662D7F,-96
2021-04-17 19:46:13,1,61662D7F,-96
2021-04-17 19:47:49,1,61662D7F,-96
2021-04-17 19:49:57,5,61662D7F,-96
2021-04-17 19:50:50,3,61662D7F,-96
2021-04-17 19:51:01,5,61662D7F,-96
2021-04-17 19:51:33,5,61662D7F,-96
2021-04-17 19:51:54,1,61662D7F,-96
2021-04-17 19:52:58,1,61662D7F,-96
2021-04-17 19:53:09,5,61662D7F,-96
2021-04-17 19:53:19,5,61662D7F,-96
2021-04-17 19:53:41,5,61662D7F,-96
2021-04-17 19:53:51,2,61662D7F,-96
2021-04-17 19:53:51,3,61662D7F,-96
2021-04-17 19:54:02,5,61662D7F,-96
2021-04-17 19:55:38,2,61662D7F,-96
2021-04-17 19:55:48,5,61662D7F,-96
2021-04-17 19:56:20,1,61662D7F,-96
2021-04-17 19:57:34,5,61662D7F,-96
2021-04-17 19:57:45,5,61662D7F,-96
2021-04-17 20:08:10,3,61662D7F,-96
2021-04-17 20:08:30,2,61662D7F,-96
2021-04-17 20:08:41,2,61662D7F,-96
2021-04-17 20:09:01,3,61662D7F,-96
2021-04-17 18:51:23,2,61662D7F,-95
2021-04-17 18:51:33,3,61662D7F,-95
2021-04-17 18:57:43,3,61662D7F,-95
2021-04-17 19:03:12,3,61662D7F,-95
2021-04-17 19:14:30,2,61662D7F,-95
2021-04-17 19:15:22,5,61662D7F,-95
2021-04-17 19:15:33,5,61662D7F,-95
2021-04-17 19:15:44,4,61662D7F,-95
2021-04-17 19:16:26,1,61662D7F,-95
2021-04-17 19:16:47,1,61662D7F,-95
2021-04-17 19:16:57,1,61662D7F,-95
2021-04-17 19:17:08,3,61662D7F,-95
2021-04-17 19:18:43,1,61662D7F,-95
2021-04-17 19:20:28,5,61662D7F,-95
2021-04-17 19:20:39,3,61662D7F,-95
2021-04-17 19:20:49,1,61662D7F,-95
2021-04-17 19:21:53,1,61662D7F,-95
2021-04-17 19:22:24,3,61662D7F,-95
2021-04-17 19:22:35,1,61662D7F,-95
2021-04-17 19:23:07,2,61662D7F,-95
2021-04-17 19:23:38,1,61662D7F,-95
2021-04-17 19:24:52,1,61662D7F,-95
2021-04-17 19:25:24,3,61662D7F,-95
2021-04-17 19:25:45,5,61662D7F,-95
2021-04-17 19:25:45,3,61662D7F,-95
2021-04-17 19:28:03,1,61662D7F,-95
2021-04-17 19:28:24,5,61662D7F,-95
2021-04-17 19:28:55,5,61662D7F,-95
2021-04-17 19:29:27,5,61662D7F,-95
2021-04-17 19:29:48,3,61662D7F,-95
2021-04-17 19:29:59,3,61662D7F,-95
2021-04-17 19:30:52,1,61662D7F,-95
2021-04-17 19:31:35,2,61662D7F,-95
2021-04-17 19:31:45,2,61662D7F,-95
2021-04-17 19:38:57,1,61662D7F,-95
2021-04-17 19:38:57,3,61662D7F,-95
2021-04-17 19:39:08,2,61662D7F,-95
2021-04-17 19:39:18,5,61662D7F,-95
2021-04-17 19:40:21,2,61662D7F,-95
2021-04-17 19:40:32,3,61662D7F,-95
2021-04-17 19:40:42,2,61662D7F,-95
2021-04-17 19:42:29,4,61662D7F,-95
2021-04-17 19:42:39,3,61662D7F,-95
2021-04-17 19:44:05,5,61662D7F,-95
2021-04-17 19:45:52,1,61662D7F,-95
2021-04-17 19:46:45,1,61662D7F,-95
2021-04-17 19:48:42,4,61662D7F,-95
2021-04-17 19:49:14,5,61662D7F,-95
2021-04-17 19:49:25,2,61662D7F,-95
2021-04-17 19:49:35,3,61662D7F,-95
2021-04-17 19:49:46,3,61662D7F,-95
2021-04-17 19:49:46,1,61662D7F,-95
2021-04-17 19:49:57,2,61662D7F,-95
2021-04-17 19:52:05,2,61662D7F,-95
2021-04-17 19:52:26,5,61662D7F,-95
2021-04-17 19:54:13,5,61662D7F,-95
2021-04-17 19:56:20,2,61662D7F,-95
2021-04-17 20:10:03,2,61662D7F,-95
2021-04-17 20:10:24,5,61662D7F,-95
2021-04-17 18:51:02,5,61662D7F,-94
2021-04-17 18:52:25,3,61662D7F,-94
2021-04-17 18:59:19,3,61662D7F,-94
2021-04-17 18:59:29,3,61662D7F,-94
2021-04-17 19:03:44,3,61662D7F,-94
2021-04-17 19:04:06,3,61662D7F,-94
2021-04-17 19:12:05,1,61662D7F,-94
2021-04-17 19:13:17,3,61662D7F,-94
2021-04-17 19:14:30,5,61662D7F,-94
2021-04-17 19:15:01,2,61662D7F,-94
2021-04-17 19:16:15,1,61662D7F,-94
2021-04-17 19:17:08,1,61662D7F,-94
2021-04-17 19:17:18,5,61662D7F,-94
2021-04-17 19:18:11,3,61662D7F,-94
2021-04-17 19:19:46,5,61662D7F,-94
2021-04-17 19:20:28,2,61662D7F,-94
2021-04-17 19:22:14,5,61662D7F,-94
2021-04-17 19:24:00,2,61662D7F,-94
2021-04-17 19:25:24,5,61662D7F,-94
2021-04-17 19:27:52,1,61662D7F,-94
2021-04-17 19:29:38,5,61662D7F,-94
2021-04-17 19:31:35,3,61662D7F,-94
2021-04-17 19:32:07,2,61662D7F,-94
2021-04-17 19:32:17,5,61662D7F,-94
2021-04-17 19:32:49,1,61662D7F,-94
2021-04-17 19:33:53,3,61662D7F,-94
2021-04-17 19:34:35,1,61662D7F,-94
2021-04-17 19:35:38,3,61662D7F,-94
2021-04-17 19:36:00,3,61662D7F,-94
2021-04-17 19:37:55,5,61662D7F,-94
2021-04-17 19:38:36,1,61662D7F,-94
2021-04-17 19:38:47,3,61662D7F,-94
2021-04-17 19:39:49,3,61662D7F,-94
2021-04-17 19:40:11,2,61662D7F,-94
2021-04-17 19:41:57,5,61662D7F,-94
2021-04-17 19:42:07,2,61662D7F,-94
2021-04-17 19:42:39,5,61662D7F,-94
2021-04-17 19:45:52,5,61662D7F,-94
2021-04-17 19:46:02,5,61662D7F,-94
2021-04-17 19:47:59,1,61662D7F,-94
2021-04-17 19:48:53,2,61662D7F,-94
2021-04-17 19:52:16,2,61662D7F,-94
2021-04-17 19:52:48,4,61662D7F,-94
2021-04-17 19:53:09,2,61662D7F,-94
2021-04-17 19:55:27,2,61662D7F,-94
2021-04-17 20:08:41,1,61662D7F,-94
2021-04-17 20:09:01,2,61662D7F,-94
2021-04-17 18:49:10,3,61662D7F,-93
2021-04-17 18:52:25,2,61662D7F,-93
2021-04-17 18:57:43,2,61662D7F,-93
2021-04-17 19:03:23,3,61662D7F,-93
2021-04-17 19:03:34,3,61662D7F,-93
2021-04-17 19:08:09,3,61662D7F,-93
2021-04-17 19:10:13,5,61662D7F,-93
2021-04-17 19:10:54,3,61662D7F,-93
2021-04-17 19:13:48,3,61662D7F,-93
2021-04-17 19:13:59,2,61662D7F,-93
2021-04-17 19:15:54,2,61662D7F,-93
2021-04-17 19:16:47,4,61662D7F,-93
2021-04-17 19:18:00,2,61662D7F,-93
2021-04-17 19:19:35,2,61662D7F,-93
2021-04-17 19:23:38,2,61662D7F,-93
2021-04-17 19:25:14,3,61662D7F,-93
2021-04-17 19:25:35,3,61662D7F,-93
2021-04-17 19:25:35,2,61662D7F,-93
2021-04-17 19:25:35,5,61662D7F,-93
2021-04-17 19:26:17,4,61662D7F,-93
2021-04-17 19:27:10,1,61662D7F,-93
2021-04-17 19:27:10,3,61662D7F,-93
2021-04-17 19:27:52,3,61662D7F,-93
2021-04-17 19:28:13,1,61662D7F,-93
2021-04-17 19:28:24,2,61662D7F,-93
2021-04-17 19:29:06,3,61662D7F,-93
2021-04-17 19:29:27,3,61662D7F,-93
2021-04-17 19:29:48,5,61662D7F,-93
2021-04-17 19:29:59,1,61662D7F,-93
2021-04-17 19:29:59,5,61662D7F,-93
2021-04-17 19:30:20,4,61662D7F,-93
2021-04-17 19:31:03,5,61662D7F,-93
2021-04-17 19:34:46,2,61662D7F,-93
2021-04-17 19:36:31,3,61662D7F,-93
2021-04-17 19:37:34,2,61662D7F,-93
2021-04-17 19:38:26,5,61662D7F,-93
2021-04-17 19:39:08,3,61662D7F,-93
2021-04-17 19:39:08,1,61662D7F,-93
2021-04-17 19:39:18,2,61662D7F,-93
2021-04-17 19:39:39,4,61662D7F,-93
2021-04-17 19:39:39,2,61662D7F,-93
2021-04-17 19:39:49,5,61662D7F,-93
2021-04-17 19:40:42,5,61662D7F,-93
2021-04-17 19:40:53,2,61662D7F,-93
2021-04-17 19:43:33,5,61662D7F,-93
2021-04-17 19:43:44,5,61662D7F,-93
2021-04-17 19:44:26,1,61662D7F,-93
2021-04-17 19:44:48,5,61662D7F,-93
2021-04-17 19:46:34,1,61662D7F,-93
2021-04-17 19:47:06,2,61662D7F,-93
2021-04-17 19:49:03,3,61662D7F,-93
2021-04-17 19:49:14,2,61662D7F,-93
2021-04-17 19:52:58,2,61662D7F,-93
2021-04-17 19:54:13,2,61662D7F,-93
2021-04-17 19:55:17,2,61662D7F,-93
2021-04-17 20:09:53,2,61662D7F,-93
2021-04-17 18:47:16,5,61662D7F,-92
2021-04-17 18:47:26,5,61662D7F,-92
2021-04-17 18:47:47,5,61662D7F,-92
2021-04-17 18:47:58,5,61662D7F,-92
2021-04-17 18:48:49,3,61662D7F,-92
2021-04-17 18:49:00,3,61662D7F,-92
2021-04-17 18:52:15,3,61662D7F,-92
2021-04-17 18:56:50,3,61662D7F,-92
2021-04-17 19:05:41,4,61662D7F,-92
2021-04-17 19:08:09,5,61662D7F,-92
2021-04-17 19:08:09,2,61662D7F,-92
2021-04-17 19:11:55,1,61662D7F,-92
2021-04-17 19:13:07,2,61662D7F,-92
2021-04-17 19:13:27,3,61662D7F,-92
2021-04-17 19:13:59,5,61662D7F,-92
2021-04-17 19:13:59,1,61662D7F,-92
2021-04-17 19:14:09,5,61662D7F,-92
2021-04-17 19:15:22,2,61662D7F,-92
2021-04-17 19:16:26,4,61662D7F,-92
2021-04-17 19:16:36,2,61662D7F,-92
2021-04-17 19:16:47,5,61662D7F,-92
2021-04-17 19:16:57,4,61662D7F,-92
2021-04-17 19:17:18,2,61662D7F,-92
2021-04-17 19:17:29,5,61662D7F,-92
2021-04-17 19:18:21,2,61662D7F,-92
2021-04-17 19:19:04,3,61662D7F,-92
2021-04-17 19:20:49,2,61662D7F,-92
2021-04-17 19:21:00,3,61662D7F,-92
2021-04-17 19:21:10,3,61662D7F,-92
2021-04-17 19:22:24,2,61662D7F,-92
2021-04-17 19:22:35,4,61662D7F,-92
2021-04-17 19:22:56,1,61662D7F,-92
2021-04-17 19:23:49,2,61662D7F,-92
2021-04-17 19:24:00,1,61662D7F,-92
2021-04-17 19:24:21,4,61662D7F,-92
2021-04-17 19:24:42,2,61662D7F,-92
2021-04-17 19:25:03,2,61662D7F,-92
2021-04-17 19:25:24,2,61662D7F,-92
2021-04-17 19:27:41,4,61662D7F,-92
2021-04-17 19:27:41,2,61662D7F,-92
2021-04-17 19:28:34,1,61662D7F,-92
2021-04-17 19:28:45,3,61662D7F,-92
2021-04-17 19:29:17,3,61662D7F,-92
2021-04-17 19:30:31,3,61662D7F,-92
2021-04-17 19:30:52,2,61662D7F,-92
2021-04-17 19:33:53,1,61662D7F,-92
2021-04-17 19:34:35,3,61662D7F,-92
2021-04-17 19:34:56,3,61662D7F,-92
2021-04-17 19:39:08,5,61662D7F,-92
2021-04-17 19:39:18,1,61662D7F,-92
2021-04-17 19:39:49,2,61662D7F,-92
2021-04-17 19:40:00,5,61662D7F,-92
2021-04-17 19:40:21,3,61662D7F,-92
2021-04-17 19:40:32,2,61662D7F,-92
2021-04-17 19:41:14,2,61662D7F,-92
2021-04-17 19:42:18,1,61662D7F,-92
2021-04-17 19:42:39,1,61662D7F,-92
2021-04-17 19:43:01,5,61662D7F,-92
2021-04-17 19:43:01,4,61662D7F,-92
2021-04-17 19:43:22,1,61662D7F,-92
2021-04-17 19:43:33,1,61662D7F,-92
2021-04-17 19:44:37,5,61662D7F,-92
2021-04-17 19:45:41,1,61662D7F,-92
2021-04-17 19:46:24,2,61662D7F,-92
2021-04-17 19:46:56,2,61662D7F,-92
2021-04-17 19:48:21,1,61662D7F,-92
2021-04-17 19:48:31,4,61662D7F,-92
2021-04-17 19:48:53,1,61662D7F,-92
2021-04-17 19:49:03,2,61662D7F,-92
2021-04-17 19:49:46,2,61662D7F,-92
2021-04-17 19:50:50,1,61662D7F,-92
2021-04-17 19:51:44,3,61662D7F,-92
2021-04-17 19:53:09,1,61662D7F,-92
2021-04-17 19:53:30,1,61662D7F,-92
2021-04-17 19:58:06,5,61662D7F,-92
2021-04-17 19:59:19,5,61662D7F,-92
2021-04-17 20:05:26,3,61662D7F,-92
2021-04-17 20:06:48,2,61662D7F,-92
2021-04-17 20:08:30,1,61662D7F,-92
2021-04-17 20:09:22,2,61662D7F,-92
2021-04-17 20:10:13,2,61662D7F,-92
2021-04-17 18:45:31,3,61662D7F,-91
2021-04-17 18:45:31,2,61662D7F,-91
2021-04-17 18:49:20,3,61662D7F,-91
2021-04-17 18:49:20,5,61662D7F,-91
2021-04-17 18:53:39,2,61662D7F,-91
2021-04-17 19:04:16,4,61662D7F,-91
2021-04-17 19:12:15,2,61662D7F,-91
2021-04-17 19:12:25,5,61662D7F,-91
2021-04-17 19:12:25,2,61662D7F,-91
2021-04-17 19:12:46,4,61662D7F,-91
2021-04-17 19:14:09,1,61662D7F,-91
2021-04-17 19:15:54,5,61662D7F,-91
2021-04-17 19:16:05,5,61662D7F,-91
2021-04-17 19:16:26,2,61662D7F,-91
2021-04-17 19:17:18,1,61662D7F,-91
2021-04-17 19:18:32,1,61662D7F,-91
2021-04-17 19:19:56,2,61662D7F,-91
2021-04-17 19:20:39,2,61662D7F,-91
2021-04-17 19:23:07,1,61662D7F,-91
2021-04-17 19:23:17,2,61662D7F,-91
2021-04-17 19:25:03,5,61662D7F,-91
2021-04-17 19:25:45,2,61662D7F,-91
2021-04-17 19:25:56,2,61662D7F,-91
2021-04-17 19:26:28,1,61662D7F,-91
2021-04-17 19:27:31,5,61662D7F,-91
2021-04-17 19:29:06,4,61662D7F,-91
2021-04-17 19:29:06,1,61662D7F,-91
2021-04-17 19:29:17,5,61662D7F,-91
2021-04-17 19:31:56,4,61662D7F,-91
2021-04-17 19:33:42,3,61662D7F,-91
2021-04-17 19:40:21,1,61662D7F,-91
2021-04-17 19:44:26,3,61662D7F,-91
2021-04-17 19:47:49,2,61662D7F,-91
2021-04-17 19:48:53,3,61662D7F,-91
2021-04-17 19:49:46,5,61662D7F,-91
2021-04-17 19:50:07,2,61662D7F,-91
2021-04-17 19:50:29,2,61662D7F,-91
2021-04-17 19:52:48,2,61662D7F,-91
2021-04-17 19:53:41,2,61662D7F,-91
2021-04-17 19:54:23,2,61662D7F,-91
2021-04-17 19:54:34,4,61662D7F,-91
2021-04-17 19:58:58,5,61662D7F,-91
2021-04-17 20:05:36,5,61662D7F,-91
2021-04-17 20:07:49,5,61662D7F,-91
2021-04-17 20:08:00,3,61662D7F,-91
2021-04-17 20:08:20,5,61662D7F,-91
2021-04-17 20:09:22,1,61662D7F,-91
2021-04-17 20:09:42,2,61662D7F,-91
2021-04-17 18:47:37,5,61662D7F,-90
2021-04-17 18:48:08,1,61662D7F,-90
2021-04-17 18:48:18,4,61662D7F,-90
2021-04-17 18:49:00,4,61662D7F,-90
2021-04-17 18:51:13,2,61662D7F,-90
2021-04-17 18:51:23,5,61662D7F,-90
2021-04-17 19:04:16,3,61662D7F,-90
2021-04-17 19:05:09,3,61662D7F,-90
2021-04-17 19:08:09,1,61662D7F,-90
2021-04-17 19:13:38,3,61662D7F,-90
2021-04-17 19:14:20,1,61662D7F,-90
2021-04-17 19:15:01,1,61662D7F,-90
2021-04-17 19:15:33,4,61662D7F,-90
2021-04-17 19:15:33,1,61662D7F,-90
2021-04-17 19:16:15,5,61662D7F,-90
2021-04-17 19:16:15,2,61662D7F,-90
2021-04-17 19:16:36,5,61662D7F,-90
2021-04-17 19:16:47,2,61662D7F,-90
2021-04-17 19:17:29,1,61662D7F,-90
2021-04-17 19:17:39,3,61662D7F,-90
2021-04-17 19:18:21,4,61662D7F,-90
2021-04-17 19:18:53,2,61662D7F,-90
2021-04-17 19:19:04,2,61662D7F,-90
2021-04-17 19:19:14,2,61662D7F,-90
2021-04-17 19:19:25,2,61662D7F,-90
2021-04-17 19:21:00,2,61662D7F,-90
2021-04-17 19:21:32,2,61662D7F,-90
2021-04-17 19:21:32,3,61662D7F,-90
2021-04-17 19:21:53,2,61662D7F,-90
2021-04-17 19:22:24,5,61662D7F,-90
2021-04-17 19:22:35,5,61662D7F,-90
2021-04-17 19:22:56,2,61662D7F,-90
2021-04-17 19:23:07,5,61662D7F,-90
2021-04-17 19:23:38,3,61662D7F,-90
2021-04-17 19:23:49,3,61662D7F,-90
2021-04-17 19:24:21,5,61662D7F,-90
2021-04-17 19:24:42,4,61662D7F,-90
2021-04-17 19:26:06,1,61662D7F,-90
2021-04-17 19:26:59,1,61662D7F,-90
2021-04-17 19:27:20,5,61662D7F,-90
2021-04-17 19:30:10,5,61662D7F,-90
2021-04-17 19:31:03,2,61662D7F,-90
2021-04-17 19:31:13,1,61662D7F,-90
2021-04-17 19:31:24,3,61662D7F,-90
2021-04-17 19:31:35,5,61662D7F,-90
2021-04-17 19:31:45,1,61662D7F,-90
2021-04-17 19:31:56,5,61662D7F,-90
2021-04-17 19:33:10,3,61662D7F,-90
2021-04-17 19:33:21,3,61662D7F,-90
2021-04-17 19:33:42,1,61662D7F,-90
2021-04-17 19:34:03,4,61662D7F,-90
2021-04-17 19:36:42,3,61662D7F,-90
2021-04-17 19:37:55,1,61662D7F,-90
2021-04-17 19:38:16,3,61662D7F,-90
2021-04-17 19:39:39,5,61662D7F,-90
2021-04-17 19:41:14,5,61662D7F,-90
2021-04-17 19:41:25,3,61662D7F,-90
2021-04-17 19:41:46,5,61662D7F,-90
2021-04-17 19:41:46,2,61662D7F,-90
2021-04-17 19:41:57,2,61662D7F,-90
2021-04-17 19:42:07,3,61662D7F,-90
2021-04-17 19:42:50,5,61662D7F,-90
2021-04-17 19:42:50,2,61662D7F,-90
2021-04-17 19:43:11,2,61662D7F,-90
2021-04-17 19:43:11,4,61662D7F,-90
2021-04-17 19:43:11,1,61662D7F,-90
2021-04-17 19:43:22,2,61662D7F,-90
2021-04-17 19:43:33,2,61662D7F,-90
2021-04-17 19:44:16,3,61662D7F,-90
2021-04-17 19:45:20,1,61662D7F,-90
2021-04-17 19:45:41,3,61662D7F,-90
2021-04-17 19:48:42,2,61662D7F,-90
2021-04-17 19:49:25,5,61662D7F,-90
2021-04-17 19:50:50,5,61662D7F,-90
2021-04-17 19:51:22,5,61662D7F,-90
2021-04-17 19:51:54,2,61662D7F,-90
2021-04-17 19:52:26,2,61662D7F,-90
2021-04-17 19:53:19,2,61662D7F,-90
2021-04-17 19:54:02,2,61662D7F,-90
2021-04-17 19:55:48,2,61662D7F,-90
2021-04-17 19:58:27,5,61662D7F,-90
2021-04-17 19:58:48,5,61662D7F,-90
2021-04-17 19:59:19,3,61662D7F,-90
2021-04-17 19:59:40,5,61662D7F,-90
2021-04-17 20:00:21,5,61662D7F,-90
2021-04-17 20:01:53,5,61662D7F,-90
2021-04-17 20:02:03,5,61662D7F,-90
2021-04-17 20:06:58,2,61662D7F,-90
2021-04-17 20:09:42,4,61662D7F,-90
2021-04-17 18:46:55,3,61662D7F,-89
2021-04-17 18:48:29,1,61662D7F,-89
2021-04-17 18:49:10,1,61662D7F,-89
2021-04-17 18:51:02,2,61662D7F,-89
2021-04-17 18:51:02,1,61662D7F,-89
2021-04-17 18:51:44,3,61662D7F,-89
2021-04-17 19:04:48,3,61662D7F,-89
2021-04-17 19:05:31,4,61662D7F,-89
2021-04-17 19:07:59,1,61662D7F,-89
2021-04-17 19:07:59,3,61662D7F,-89
2021-04-17 19:10:44,4,61662D7F,-89
2021-04-17 19:10:44,3,61662D7F,-89
2021-04-17 19:12:05,5,61662D7F,-89
2021-04-17 19:12:36,3,61662D7F,-89
2021-04-17 19:13:59,4,61662D7F,-89
2021-04-17 19:14:30,1,61662D7F,-89
2021-04-17 19:14:41,2,61662D7F,-89
2021-04-17 19:14:41,1,61662D7F,-89
2021-04-17 19:16:26,5,61662D7F,-89
2021-04-17 19:17:08,4,61662D7F,-89
2021-04-17 19:17:18,4,61662D7F,-89
2021-04-17 19:18:00,3,61662D7F,-89
2021-04-17 19:18:53,3,61662D7F,-89
2021-04-17 19:21:53,5,61662D7F,-89
2021-04-17 19:23:17,5,61662D7F,-89
2021-04-17 19:23:17,3,61662D7F,-89
2021-04-17 19:23:49,5,61662D7F,-89
2021-04-17 19:24:10,4,61662D7F,-89
2021-04-17 19:24:31,2,61662D7F,-89
2021-04-17 19:24:42,5,61662D7F,-89
2021-04-17 19:24:42,1,61662D7F,-89
2021-04-17 19:25:56,1,61662D7F,-89
2021-04-17 19:26:28,5,61662D7F,-89
2021-04-17 19:26:38,1,61662D7F,-89
2021-04-17 19:26:49,1,61662D7F,-89
2021-04-17 19:26:59,3,61662D7F,-89
2021-04-17 19:28:45,1,61662D7F,-89
2021-04-17 19:30:52,3,61662D7F,-89
2021-04-17 19:31:24,5,61662D7F,-89
2021-04-17 19:31:24,2,61662D7F,-89
2021-04-17 19:31:56,1,61662D7F,-89
2021-04-17 19:32:38,1,61662D7F,-89
2021-04-17 19:34:35,5,61662D7F,-89
2021-04-17 19:35:28,4,61662D7F,-89
2021-04-17 19:35:49,3,61662D7F,-89
2021-04-17 19:37:23,3,61662D7F,-89
2021-04-17 19:38:36,2,61662D7F,-89
2021-04-17 19:38:57,5,61662D7F,-89
2021-04-17 19:40:11,3,61662D7F,-89
2021-04-17 19:40:21,5,61662D7F,-89
2021-04-17 19:40:32,5,61662D7F,-89
2021-04-17 19:41:25,5,61662D7F,-89
2021-04-17 19:41:46,4,61662D7F,-89
2021-04-17 19:41:46,3,61662D7F,-89
2021-04-17 19:41:57,3,61662D7F,-89
2021-04-17 19:44:16,2,61662D7F,-89
2021-04-17 19:48:21,2,61662D7F,-89
2021-04-17 19:48:31,5,61662D7F,-89
2021-04-17 19:48:42,1,61662D7F,-89
2021-04-17 19:49:57,1,61662D7F,-89
2021-04-17 19:50:07,1,61662D7F,-89
2021-04-17 19:50:29,4,61662D7F,-89
2021-04-17 19:53:41,3,61662D7F,-89
2021-04-17 19:55:06,4,61662D7F,-89
2021-04-17 19:56:52,4,61662D7F,-89
2021-04-17 19:57:24,5,61662D7F,-89
2021-04-17 20:00:11,5,61662D7F,-89
2021-04-17 20:02:13,5,61662D7F,-89
2021-04-17 20:03:04,5,61662D7F,-89
2021-04-17 20:03:34,3,61662D7F,-89
2021-04-17 20:03:44,1,61662D7F,-89
2021-04-17 20:03:44,4,61662D7F,-89
2021-04-17 20:04:14,3,61662D7F,-89
2021-04-17 20:04:25,3,61662D7F,-89
2021-04-17 20:04:55,3,61662D7F,-89
2021-04-17 20:05:16,3,61662D7F,-89
2021-04-17 20:05:46,3,61662D7F,-89
2021-04-17 20:06:07,3,61662D7F,-89
2021-04-17 20:06:48,3,61662D7F,-89
2021-04-17 20:06:58,3,61662D7F,-89
2021-04-17 20:07:08,3,61662D7F,-89
2021-04-17 20:07:29,3,61662D7F,-89
2021-04-17 20:08:30,5,61662D7F,-89
2021-04-17 20:08:51,5,61662D7F,-89
2021-04-17 20:09:01,5,61662D7F,-89
2021-04-17 20:10:13,1,61662D7F,-89
2021-04-17 18:48:49,1,61662D7F,-88
2021-04-17 18:49:00,1,61662D7F,-88
2021-04-17 18:49:20,1,61662D7F,-88
2021-04-17 18:49:51,5,61662D7F,-88
2021-04-17 18:51:54,3,61662D7F,-88
2021-04-17 19:04:38,3,61662D7F,-88
2021-04-17 19:04:59,3,61662D7F,-88
2021-04-17 19:08:20,3,61662D7F,-88
2021-04-17 19:11:55,5,61662D7F,-88
2021-04-17 19:12:15,5,61662D7F,-88
2021-04-17 19:14:09,2,61662D7F,-88
2021-04-17 19:14:51,1,61662D7F,-88
2021-04-17 19:16:36,4,61662D7F,-88
2021-04-17 19:22:03,2,61662D7F,-88
2021-04-17 19:25:14,5,61662D7F,-88
2021-04-17 19:26:17,3,61662D7F,-88
2021-04-17 19:26:49,5,61662D7F,-88
2021-04-17 19:30:20,2,61662D7F,-88
2021-04-17 19:31:13,4,61662D7F,-88
2021-04-17 19:32:38,3,61662D7F,-88
2021-04-17 19:34:03,5,61662D7F,-88
2021-04-17 19:34:35,4,61662D7F,-88
2021-04-17 19:38:47,5,61662D7F,-88
2021-04-17 19:40:11,5,61662D7F,-88
2021-04-17 19:41:35,1,61662D7F,-88
2021-04-17 19:41:35,3,61662D7F,-88
2021-04-17 19:42:50,3,61662D7F,-88
2021-04-17 19:43:01,2,61662D7F,-88
2021-04-17 19:44:05,4,61662D7F,-88
2021-04-17 19:45:30,1,61662D7F,-88
2021-04-17 19:46:45,4,61662D7F,-88
2021-04-17 19:48:10,3,61662D7F,-88
2021-04-17 19:48:31,3,61662D7F,-88
2021-04-17 19:49:03,5,61662D7F,-88
2021-04-17 19:50:18,5,61662D7F,-88
2021-04-17 19:50:39,5,61662D7F,-88
2021-04-17 19:51:22,3,61662D7F,-88
2021-04-17 19:51:54,3,61662D7F,-88
2021-04-17 20:00:21,2,61662D7F,-88
2021-04-17 20:04:14,1,61662D7F,-88
2021-04-17 20:06:17,3,61662D7F,-88
2021-04-17 20:08:20,4,61662D7F,-88
2021-04-17 18:43:46,4,61662D7F,-87
2021-04-17 18:47:16,3,61662D7F,-87
2021-04-17 18:47:37,1,61662D7F,-87
2021-04-17 18:47:47,3,61662D7F,-87
2021-04-17 18:48:18,1,61662D7F,-87
2021-04-17 18:48:29,5,61662D7F,-87
2021-04-17 18:49:41,5,61662D7F,-87
2021-04-17 19:11:14,3,61662D7F,-87
2021-04-17 19:15:12,1,61662D7F,-87
2021-04-17 19:17:50,3,61662D7F,-87
2021-04-17 19:18:32,2,61662D7F,-87
2021-04-17 19:24:52,2,61662D7F,-87
2021-04-17 19:25:56,4,61662D7F,-87
2021-04-17 19:28:34,5,61662D7F,-87
2021-04-17 19:29:38,2,61662D7F,-87
2021-04-17 19:29:59,4,61662D7F,-87
2021-04-17 19:32:17,3,61662D7F,-87
2021-04-17 19:32:28,2,61662D7F,-87
2021-04-17 19:33:10,1,61662D7F,-87
2021-04-17 19:34:14,4,61662D7F,-87
2021-04-17 19:37:13,3,61662D7F,-87
2021-04-17 19:38:36,4,61662D7F,-87
2021-04-17 19:39:18,4,61662D7F,-87
2021-04-17 19:40:00,3,61662D7F,-87
2021-04-17 19:41:03,4,61662D7F,-87
2021-04-17 19:41:35,5,61662D7F,-87
2021-04-17 19:42:39,2,61662D7F,-87
2021-04-17 19:43:01,3,61662D7F,-87
2021-04-17 19:43:11,5,61662D7F,-87
2021-04-17 19:43:22,4,61662D7F,-87
2021-04-17 19:44:16,5,61662D7F,-87
2021-04-17 19:45:41,4,61662D7F,-87
2021-04-17 19:46:02,2,61662D7F,-87
2021-04-17 19:48:10,2,61662D7F,-87
2021-04-17 19:48:53,5,61662D7F,-87
2021-04-17 19:49:57,3,61662D7F,-87
2021-04-17 19:50:07,5,61662D7F,-87
2021-04-17 19:50:39,3,61662D7F,-87
2021-04-17 19:52:48,3,61662D7F,-87
2021-04-17 19:56:31,4,61662D7F,-87
2021-04-17 19:59:30,5,61662D7F,-87
2021-04-17 19:59:50,5,61662D7F,-87
2021-04-17 20:00:01,5,61662D7F,-87
2021-04-17 20:01:43,5,61662D7F,-87
2021-04-17 20:05:57,3,61662D7F,-87
2021-04-17 20:06:27,3,61662D7F,-87
2021-04-17 20:06:37,3,61662D7F,-87
2021-04-17 20:07:19,3,61662D7F,-87
2021-04-17 20:07:39,3,61662D7F,-87
2021-04-17 20:08:20,1,61662D7F,-87
2021-04-17 20:10:03,1,61662D7F,-87
2021-04-17 18:43:15,4,61662D7F,-86
2021-04-17 18:45:31,1,61662D7F,-86
2021-04-17 18:47:06,3,61662D7F,-86
2021-04-17 18:47:06,1,61662D7F,-86
2021-04-17 18:47:26,3,61662D7F,-86
2021-04-17 18:47:26,1,61662D7F,-86
2021-04-17 18:47:37,3,61662D7F,-86
2021-04-17 18:47:58,3,61662D7F,-86
2021-04-17 18:47:58,1,61662D7F,-86
2021-04-17 18:48:08,5,61662D7F,-86
2021-04-17 18:48:29,4,61662D7F,-86
2021-04-17 18:49:30,5,61662D7F,-86
2021-04-17 18:49:41,4,61662D7F,-86
2021-04-17 18:51:13,4,61662D7F,-86
2021-04-17 19:05:20,2,61662D7F,-86
2021-04-17 19:08:40,3,61662D7F,-86
2021-04-17 19:10:02,4,61662D7F,-86
2021-04-17 19:10:23,4,61662D7F,-86
2021-04-17 19:11:14,4,61662D7F,-86
2021-04-17 19:12:05,4,61662D7F,-86
2021-04-17 19:12:36,4,61662D7F,-86
2021-04-17 19:13:07,3,61662D7F,-86
2021-04-17 19:15:01,4,61662D7F,-86
2021-04-17 19:15:12,4,61662D7F,-86
2021-04-17 19:16:05,4,61662D7F,-86
2021-04-17 19:17:29,2,61662D7F,-86
2021-04-17 19:17:29,4,61662D7F,-86
2021-04-17 19:18:43,2,61662D7F,-86
2021-04-17 19:19:46,2,61662D7F,-86
2021-04-17 19:20:49,4,61662D7F,-86
2021-04-17 19:21:00,4,61662D7F,-86
2021-04-17 19:21:42,4,61662D7F,-86
2021-04-17 19:22:46,2,61662D7F,-86
2021-04-17 19:22:56,3,61662D7F,-86
2021-04-17 19:23:49,4,61662D7F,-86
2021-04-17 19:24:00,5,61662D7F,-86
2021-04-17 19:24:10,1,61662D7F,-86
2021-04-17 19:24:52,4,61662D7F,-86
2021-04-17 19:25:14,4,61662D7F,-86
2021-04-17 19:25:56,5,61662D7F,-86
2021-04-17 19:26:06,2,61662D7F,-86
2021-04-17 19:26:06,5,61662D7F,-86
2021-04-17 19:26:38,5,61662D7F,-86
2021-04-17 19:26:59,5,61662D7F,-86
2021-04-17 19:27:10,5,61662D7F,-86
2021-04-17 19:28:03,4,61662D7F,-86
2021-04-17 19:29:27,2,61662D7F,-86
2021-04-17 19:31:35,4,61662D7F,-86
2021-04-17 19:32:06,5,61662D7F,-86
2021-04-17 19:33:31,4,61662D7F,-86
2021-04-17 19:36:52,3,61662D7F,-86
2021-04-17 19:37:03,3,61662D7F,-86
2021-04-17 19:37:44,3,61662D7F,-86
2021-04-17 19:38:16,1,61662D7F,-86
2021-04-17 19:41:46,1,61662D7F,-86
2021-04-17 19:41:57,1,61662D7F,-86
2021-04-17 19:43:22,5,61662D7F,-86
2021-04-17 19:44:26,2,61662D7F,-86
2021-04-17 19:45:09,2,61662D7F,-86
2021-04-17 19:48:10,1,61662D7F,-86
2021-04-17 19:48:31,2,61662D7F,-86
2021-04-17 19:49:03,4,61662D7F,-86
2021-04-17 19:50:18,1,61662D7F,-86
2021-04-17 19:50:29,5,61662D7F,-86
2021-04-17 19:52:37,3,61662D7F,-86
2021-04-17 19:53:30,5,61662D7F,-86
2021-04-17 19:54:13,4,61662D7F,-86
2021-04-17 19:56:31,2,61662D7F,-86
2021-04-17 19:57:13,3,61662D7F,-86
2021-04-17 19:57:45,4,61662D7F,-86
2021-04-17 19:57:56,3,61662D7F,-86
2021-04-17 19:58:17,5,61662D7F,-86
2021-04-17 19:58:38,5,61662D7F,-86
2021-04-17 19:59:40,1,61662D7F,-86
2021-04-17 20:00:11,3,61662D7F,-86
2021-04-17 20:02:33,5,61662D7F,-86
2021-04-17 20:03:24,2,61662D7F,-86
2021-04-17 20:05:46,2,61662D7F,-86
2021-04-17 20:06:17,2,61662D7F,-86
2021-04-17 20:06:37,2,61662D7F,-86
2021-04-17 20:07:19,2,61662D7F,-86
2021-04-17 20:07:49,3,61662D7F,-86
2021-04-17 20:08:20,2,61662D7F,-86
2021-04-17 18:43:36,4,61662D7F,-85
2021-04-17 18:45:52,1,61662D7F,-85
2021-04-17 18:47:16,1,61662D7F,-85
2021-04-17 18:47:37,4,61662D7F,-85
2021-04-17 18:47:47,1,61662D7F,-85
2021-04-17 18:48:18,5,61662D7F,-85
2021-04-17 18:48:39,5,61662D7F,-85
2021-04-17 18:49:30,3,61662D7F,-85
2021-04-17 18:49:51,4,61662D7F,-85
2021-04-17 19:05:41,1,61662D7F,-85
2021-04-17 19:05:52,4,61662D7F,-85
2021-04-17 19:07:48,3,61662D7F,-85
2021-04-17 19:08:40,1,61662D7F,-85
2021-04-17 19:10:54,1,61662D7F,-85
2021-04-17 19:11:04,3,61662D7F,-85
2021-04-17 19:11:55,2,61662D7F,-85
2021-04-17 19:12:05,2,61662D7F,-85
2021-04-17 19:12:15,4,61662D7F,-85
2021-04-17 19:12:46,5,61662D7F,-85
2021-04-17 19:14:20,5,61662D7F,-85
2021-04-17 19:20:07,4,61662D7F,-85
2021-04-17 19:22:14,2,61662D7F,-85
2021-04-17 19:23:07,3,61662D7F,-85
2021-04-17 19:24:31,5,61662D7F,-85
2021-04-17 19:26:28,2,61662D7F,-85
2021-04-17 19:26:49,3,61662D7F,-85
2021-04-17 19:28:13,4,61662D7F,-85
2021-04-17 19:30:10,2,61662D7F,-85
2021-04-17 19:31:03,1,61662D7F,-85
2021-04-17 19:31:45,4,61662D7F,-85
2021-04-17 19:32:07,1,61662D7F,-85
2021-04-17 19:32:28,1,61662D7F,-85
2021-04-17 19:32:49,4,61662D7F,-85
2021-04-17 19:33:00,5,61662D7F,-85
2021-04-17 19:33:53,4,61662D7F,-85
2021-04-17 19:34:24,2,61662D7F,-85
2021-04-17 19:34:56,5,61662D7F,-85
2021-04-17 19:40:00,2,61662D7F,-85
2021-04-17 19:43:11,3,61662D7F,-85
2021-04-17 19:43:22,3,61662D7F,-85
2021-04-17 19:43:54,4,61662D7F,-85
2021-04-17 19:48:10,4,61662D7F,-85
2021-04-17 19:48:10,5,61662D7F,-85
2021-04-17 19:48:42,5,61662D7F,-85
2021-04-17 19:51:11,2,61662D7F,-85
2021-04-17 19:52:05,4,61662D7F,-85
2021-04-17 19:55:17,4,61662D7F,-85
2021-04-17 19:55:38,4,61662D7F,-85
2021-04-17 19:56:10,1,61662D7F,-85
2021-04-17 19:57:24,3,61662D7F,-85
2021-04-17 19:58:06,3,61662D7F,-85
2021-04-17 19:58:48,1,61662D7F,-85
2021-04-17 19:59:09,5,61662D7F,-85
2021-04-17 19:59:19,1,61662D7F,-85
2021-04-17 20:00:21,3,61662D7F,-85
2021-04-17 20:00:42,3,61662D7F,-85
2021-04-17 20:00:42,5,61662D7F,-85
2021-04-17 20:01:02,5,61662D7F,-85
2021-04-17 20:01:12,5,61662D7F,-85
2021-04-17 20:01:12,3,61662D7F,-85
2021-04-17 20:01:22,5,61662D7F,-85
2021-04-17 20:01:33,5,61662D7F,-85
2021-04-17 20:01:33,3,61662D7F,-85
2021-04-17 20:02:03,3,61662D7F,-85
2021-04-17 20:02:13,3,61662D7F,-85
2021-04-17 20:02:23,5,61662D7F,-85
2021-04-17 20:02:44,5,61662D7F,-85
2021-04-17 20:03:04,3,61662D7F,-85
2021-04-17 20:03:34,4,61662D7F,-85
2021-04-17 20:04:04,4,61662D7F,-85
2021-04-17 20:05:36,1,61662D7F,-85
2021-04-17 20:06:27,2,61662D7F,-85
2021-04-17 20:07:29,4,61662D7F,-85
2021-04-17 20:08:30,4,61662D7F,-85
2021-04-17 20:09:01,1,61662D7F,-85
2021-04-17 18:43:05,3,61662D7F,-84
2021-04-17 18:44:28,1,61662D7F,-84
2021-04-17 18:44:28,4,61662D7F,-84
2021-04-17 18:45:00,3,61662D7F,-84
2021-04-17 18:47:47,4,61662D7F,-84
2021-04-17 18:47:58,4,61662D7F,-84
2021-04-17 18:48:08,2,61662D7F,-84
2021-04-17 18:50:42,1,61662D7F,-84
2021-04-17 18:51:23,3,61662D7F,-84
2021-04-17 19:05:20,4,61662D7F,-84
2021-04-17 19:09:11,4,61662D7F,-84
2021-04-17 19:09:21,4,61662D7F,-84
2021-04-17 19:09:32,4,61662D7F,-84
2021-04-17 19:10:13,3,61662D7F,-84
2021-04-17 19:10:33,1,61662D7F,-84
2021-04-17 19:12:25,4,61662D7F,-84
2021-04-17 19:16:05,2,61662D7F,-84
2021-04-17 19:16:57,3,61662D7F,-84
2021-04-17 19:18:43,3,61662D7F,-84
2021-04-17 19:19:25,4,61662D7F,-84
2021-04-17 19:19:35,4,61662D7F,-84
2021-04-17 19:20:18,2,61662D7F,-84
2021-04-17 19:22:46,4,61662D7F,-84
2021-04-17 19:22:56,5,61662D7F,-84
2021-04-17 19:23:07,4,61662D7F,-84
2021-04-17 19:24:10,5,61662D7F,-84
2021-04-17 19:24:31,4,61662D7F,-84
2021-04-17 19:26:49,2,61662D7F,-84
2021-04-17 19:27:52,4,61662D7F,-84
2021-04-17 19:28:45,5,61662D7F,-84
2021-04-17 19:28:55,4,61662D7F,-84
2021-04-17 19:29:17,2,61662D7F,-84
2021-04-17 19:30:31,4,61662D7F,-84
2021-04-17 19:31:13,3,61662D7F,-84
2021-04-17 19:32:49,3,61662D7F,-84
2021-04-17 19:37:55,4,61662D7F,-84
2021-04-17 19:38:05,3,61662D7F,-84
2021-04-17 19:38:16,2,61662D7F,-84
2021-04-17 19:38:16,4,61662D7F,-84
2021-04-17 19:41:14,4,61662D7F,-84
2021-04-17 19:44:58,1,61662D7F,-84
2021-04-17 19:45:20,3,61662D7F,-84
2021-04-17 19:45:20,5,61662D7F,-84
2021-04-17 19:45:30,4,61662D7F,-84
2021-04-17 19:45:30,3,61662D7F,-84
2021-04-17 19:46:13,2,61662D7F,-84
2021-04-17 19:48:21,3,61662D7F,-84
2021-04-17 19:49:25,4,61662D7F,-84
2021-04-17 19:50:18,2,61662D7F,-84
2021-04-17 19:51:44,2,61662D7F,-84
2021-04-17 19:53:09,4,61662D7F,-84
2021-04-17 19:53:30,3,61662D7F,-84
2021-04-17 19:54:23,4,61662D7F,-84
2021-04-17 19:56:10,4,61662D7F,-84
2021-04-17 19:58:17,3,61662D7F,-84
2021-04-17 19:58:27,3,61662D7F,-84
2021-04-17 19:58:27,1,61662D7F,-84
2021-04-17 19:58:38,3,61662D7F,-84
2021-04-17 19:58:38,1,61662D7F,-84
2021-04-17 19:58:48,3,61662D7F,-84
2021-04-17 19:58:58,3,61662D7F,-84
2021-04-17 19:58:58,1,61662D7F,-84
2021-04-17 19:59:09,3,61662D7F,-84
2021-04-17 19:59:30,3,61662D7F,-84
2021-04-17 19:59:30,1,61662D7F,-84
2021-04-17 19:59:40,3,61662D7F,-84
2021-04-17 20:00:31,3,61662D7F,-84
2021-04-17 20:00:31,1,61662D7F,-84
2021-04-17 20:00:52,5,61662D7F,-84
2021-04-17 20:00:52,3,61662D7F,-84
2021-04-17 20:01:02,3,61662D7F,-84
2021-04-17 20:01:22,3,61662D7F,-84
2021-04-17 20:01:53,3,61662D7F,-84
2021-04-17 20:02:23,3,61662D7F,-84
2021-04-17 20:02:33,3,61662D7F,-84
2021-04-17 20:02:44,3,61662D7F,-84
2021-04-17 20:02:54,3,61662D7F,-84
2021-04-17 20:02:54,5,61662D7F,-84
2021-04-17 20:03:14,3,61662D7F,-84
2021-04-17 20:03:24,3,61662D7F,-84
2021-04-17 20:03:44,3,61662D7F,-84
2021-04-17 20:03:54,2,61662D7F,-84
2021-04-17 20:04:14,4,61662D7F,-84
2021-04-17 20:05:36,3,61662D7F,-84
2021-04-17 20:08:10,5,61662D7F,-84
2021-04-17 20:09:22,5,61662D7F,-84
2021-04-17 20:09:32,4,61662D7F,-84
2021-04-17 18:43:15,3,61662D7F,-83
2021-04-17 18:43:26,4,61662D7F,-83
2021-04-17 18:43:26,3,61662D7F,-83
2021-04-17 18:44:28,3,61662D7F,-83
2021-04-17 18:46:55,4,61662D7F,-83
2021-04-17 18:48:29,2,61662D7F,-83
2021-04-17 18:48:39,2,61662D7F,-83
2021-04-17 18:48:49,4,61662D7F,-83
2021-04-17 18:50:42,4,61662D7F,-83
2021-04-17 18:52:57,2,61662D7F,-83
2021-04-17 19:05:20,5,61662D7F,-83
2021-04-17 19:07:59,4,61662D7F,-83
2021-04-17 19:07:59,5,61662D7F,-83
2021-04-17 19:08:30,1,61662D7F,-83
2021-04-17 19:08:30,3,61662D7F,-83
2021-04-17 19:09:52,4,61662D7F,-83
2021-04-17 19:10:23,5,61662D7F,-83
2021-04-17 19:12:46,2,61662D7F,-83
2021-04-17 19:12:56,1,61662D7F,-83
2021-04-17 19:13:07,4,61662D7F,-83
2021-04-17 19:13:27,4,61662D7F,-83
2021-04-17 19:22:56,4,61662D7F,-83
2021-04-17 19:23:28,3,61662D7F,-83
2021-04-17 19:24:00,4,61662D7F,-83
2021-04-17 19:26:49,4,61662D7F,-83
2021-04-17 19:29:59,2,61662D7F,-83
2021-04-17 19:31:13,5,61662D7F,-83
2021-04-17 19:32:38,5,61662D7F,-83
2021-04-17 19:33:53,5,61662D7F,-83
2021-04-17 19:34:56,1,61662D7F,-83
2021-04-17 19:35:28,3,61662D7F,-83
2021-04-17 19:36:10,4,61662D7F,-83
2021-04-17 19:38:16,5,61662D7F,-83
2021-04-17 19:39:28,4,61662D7F,-83
2021-04-17 19:40:11,1,61662D7F,-83
2021-04-17 19:40:42,4,61662D7F,-83
2021-04-17 19:42:07,4,61662D7F,-83
2021-04-17 19:42:50,1,61662D7F,-83
2021-04-17 19:44:37,2,61662D7F,-83
2021-04-17 19:45:09,4,61662D7F,-83
2021-04-17 19:45:30,5,61662D7F,-83
2021-04-17 19:45:41,5,61662D7F,-83
2021-04-17 19:48:21,5,61662D7F,-83
2021-04-17 19:48:21,4,61662D7F,-83
2021-04-17 19:49:14,4,61662D7F,-83
2021-04-17 19:51:33,4,61662D7F,-83
2021-04-17 19:52:05,3,61662D7F,-83
2021-04-17 19:52:16,4,61662D7F,-83
2021-04-17 19:52:16,3,61662D7F,-83
2021-04-17 19:53:19,3,61662D7F,-83
2021-04-17 19:55:59,2,61662D7F,-83
2021-04-17 19:57:56,5,61662D7F,-83
2021-04-17 19:59:19,4,61662D7F,-83
2021-04-17 19:59:40,4,61662D7F,-83
2021-04-17 19:59:50,1,61662D7F,-83
2021-04-17 19:59:50,3,61662D7F,-83
2021-04-17 20:00:01,3,61662D7F,-83
2021-04-17 20:00:01,1,61662D7F,-83
2021-04-17 20:00:31,5,61662D7F,-83
2021-04-17 20:00:52,1,61662D7F,-83
2021-04-17 20:01:02,1,61662D7F,-83
2021-04-17 20:01:12,1,61662D7F,-83
2021-04-17 20:01:22,1,61662D7F,-83
2021-04-17 20:01:33,1,61662D7F,-83
2021-04-17 20:01:43,3,61662D7F,-83
2021-04-17 20:02:33,1,61662D7F,-83
2021-04-17 20:02:44,1,61662D7F,-83
2021-04-17 20:02:54,1,61662D7F,-83
2021-04-17 20:03:24,5,61662D7F,-83
2021-04-17 20:05:05,3,61662D7F,-83
2021-04-17 20:05:46,4,61662D7F,-83
2021-04-17 20:05:57,2,61662D7F,-83
2021-04-17 20:06:07,2,61662D7F,-83
2021-04-17 20:06:27,4,61662D7F,-83
2021-04-17 20:06:37,4,61662D7F,-83
2021-04-17 20:06:58,4,61662D7F,-83
2021-04-17 20:07:08,1,61662D7F,-83
2021-04-17 20:07:08,5,61662D7F,-83
2021-04-17 20:08:00,4,61662D7F,-83
2021-04-17 20:08:10,1,61662D7F,-83
2021-04-17 20:08:41,4,61662D7F,-83
2021-04-17 20:09:42,1,61662D7F,-83
2021-04-17 18:42:23,4,61662D7F,-82
2021-04-17 18:42:54,4,61662D7F,-82
2021-04-17 18:43:05,4,61662D7F,-82
2021-04-17 18:43:46,3,61662D7F,-82
2021-04-17 18:45:31,5,61662D7F,-82
2021-04-17 18:47:06,4,61662D7F,-82
2021-04-17 18:47:16,4,61662D7F,-82
2021-04-17 18:48:18,2,61662D7F,-82
2021-04-17 18:51:23,4,61662D7F,-82
2021-04-17 19:05:20,3,61662D7F,-82
2021-04-17 19:08:30,4,61662D7F,-82
2021-04-17 19:09:52,1,61662D7F,-82
2021-04-17 19:10:02,1,61662D7F,-82
2021-04-17 19:10:23,1,61662D7F,-82
2021-04-17 19:10:33,2,61662D7F,-82
2021-04-17 19:11:04,4,61662D7F,-82
2021-04-17 19:12:56,2,61662D7F,-82
2021-04-17 19:14:30,4,61662D7F,-82
2021-04-17 19:18:00,4,61662D7F,-82
2021-04-17 19:18:21,3,61662D7F,-82
2021-04-17 19:19:14,4,61662D7F,-82
2021-04-17 19:21:32,4,61662D7F,-82
2021-04-17 19:22:46,5,61662D7F,-82
2021-04-17 19:24:42,3,61662D7F,-82
2021-04-17 19:26:28,4,61662D7F,-82
2021-04-17 19:28:03,5,61662D7F,-82
2021-04-17 19:28:24,4,61662D7F,-82
2021-04-17 19:29:48,2,61662D7F,-82
2021-04-17 19:33:21,4,61662D7F,-82
2021-04-17 19:36:52,4,61662D7F,-82
2021-04-17 19:37:55,2,61662D7F,-82
2021-04-17 19:38:26,2,61662D7F,-82
2021-04-17 19:38:26,4,61662D7F,-82
2021-04-17 19:39:28,1,61662D7F,-82
2021-04-17 19:40:21,4,61662D7F,-82
2021-04-17 19:44:58,2,61662D7F,-82
2021-04-17 19:46:34,4,61662D7F,-82
2021-04-17 19:47:59,2,61662D7F,-82
2021-04-17 19:49:57,4,61662D7F,-82
2021-04-17 19:51:54,4,61662D7F,-82
2021-04-17 19:57:45,2,61662D7F,-82
2021-04-17 19:57:56,1,61662D7F,-82
2021-04-17 19:58:27,4,61662D7F,-82
2021-04-17 20:00:11,1,61662D7F,-82
2021-04-17 20:00:42,1,61662D7F,-82
2021-04-17 20:02:23,1,61662D7F,-82
2021-04-17 20:03:04,1,61662D7F,-82
2021-04-17 20:03:24,4,61662D7F,-82
2021-04-17 20:03:34,5,61662D7F,-82
2021-04-17 20:06:48,4,61662D7F,-82
2021-04-17 20:07:29,2,61662D7F,-82
2021-04-17 20:07:29,1,61662D7F,-82
2021-04-17 18:42:23,3,61662D7F,-81
2021-04-17 18:42:33,3,61662D7F,-81
2021-04-17 18:43:57,3,61662D7F,-81
2021-04-17 18:44:07,3,61662D7F,-81
2021-04-17 18:44:18,3,61662D7F,-81
2021-04-17 18:47:26,4,61662D7F,-81
2021-04-17 18:48:39,4,61662D7F,-81
2021-04-17 18:49:10,4,61662D7F,-81
2021-04-17 18:49:41,1,61662D7F,-81
2021-04-17 19:05:52,1,61662D7F,-81
2021-04-17 19:08:20,4,61662D7F,-81
2021-04-17 19:08:40,4,61662D7F,-81
2021-04-17 19:09:42,1,61662D7F,-81
2021-04-17 19:10:33,5,61662D7F,-81
2021-04-17 19:11:14,1,61662D7F,-81
2021-04-17 19:12:25,3,61662D7F,-81
2021-04-17 19:12:56,5,61662D7F,-81
2021-04-17 19:15:22,4,61662D7F,-81
2021-04-17 19:17:18,3,61662D7F,-81
2021-04-17 19:23:38,4,61662D7F,-81
2021-04-17 19:24:10,2,61662D7F,-81
2021-04-17 19:26:28,3,61662D7F,-81
2021-04-17 19:26:38,4,61662D7F,-81
2021-04-17 19:26:38,2,61662D7F,-81
2021-04-17 19:29:48,4,61662D7F,-81
2021-04-17 19:33:21,5,61662D7F,-81
2021-04-17 19:33:42,4,61662D7F,-81
2021-04-17 19:33:42,5,61662D7F,-81
2021-04-17 19:34:56,4,61662D7F,-81
2021-04-17 19:35:07,3,61662D7F,-81
2021-04-17 19:35:07,2,61662D7F,-81
2021-04-17 19:37:03,4,61662D7F,-81
2021-04-17 19:38:05,1,61662D7F,-81
2021-04-17 19:38:47,2,61662D7F,-81
2021-04-17 19:38:57,2,61662D7F,-81
2021-04-17 19:39:08,4,61662D7F,-81
2021-04-17 19:41:25,2,61662D7F,-81
2021-04-17 19:41:35,2,61662D7F,-81
2021-04-17 19:43:44,4,61662D7F,-81
2021-04-17 19:44:48,4,61662D7F,-81
2021-04-17 19:45:52,4,61662D7F,-81
2021-04-17 19:49:35,4,61662D7F,-81
2021-04-17 19:50:07,3,61662D7F,-81
2021-04-17 19:50:39,2,61662D7F,-81
2021-04-17 19:52:58,3,61662D7F,-81
2021-04-17 19:55:27,4,61662D7F,-81
2021-04-17 19:55:59,4,61662D7F,-81
2021-04-17 19:56:20,4,61662D7F,-81
2021-04-17 19:56:42,4,61662D7F,-81
2021-04-17 19:57:03,4,61662D7F,-81
2021-04-17 19:57:34,4,61662D7F,-81
2021-04-17 19:58:06,4,61662D7F,-81
2021-04-17 19:58:06,1,61662D7F,-81
2021-04-17 19:58:38,4,61662D7F,-81
2021-04-17 19:58:58,4,61662D7F,-81
2021-04-17 19:59:40,2,61662D7F,-81
2021-04-17 19:59:50,4,61662D7F,-81
2021-04-17 20:00:11,4,61662D7F,-81
2021-04-17 20:00:21,1,61662D7F,-81
2021-04-17 20:00:21,4,61662D7F,-81
2021-04-17 20:00:42,4,61662D7F,-81
2021-04-17 20:01:22,4,61662D7F,-81
2021-04-17 20:02:03,1,61662D7F,-81
2021-04-17 20:02:13,1,61662D7F,-81
2021-04-17 20:03:04,4,61662D7F,-81
2021-04-17 20:04:55,4,61662D7F,-81
2021-04-17 20:06:07,1,61662D7F,-81
2021-04-17 20:07:49,4,61662D7F,-81
2021-04-17 20:08:00,5,61662D7F,-81
2021-04-17 20:08:00,1,61662D7F,-81
2021-04-17 20:09:01,4,61662D7F,-81
2021-04-17 18:42:33,4,61662D7F,-80
2021-04-17 18:42:44,3,61662D7F,-80
2021-04-17 18:42:54,3,61662D7F,-80
2021-04-17 18:43:46,1,61662D7F,-80
2021-04-17 18:44:28,5,61662D7F,-80
2021-04-17 18:45:10,2,61662D7F,-80
2021-04-17 18:46:55,5,61662D7F,-80
2021-04-17 18:46:55,1,61662D7F,-80
2021-04-17 18:48:39,1,61662D7F,-80
2021-04-17 18:50:42,3,61662D7F,-80
2021-04-17 18:50:52,2,61662D7F,-80
2021-04-17 19:05:31,5,61662D7F,-80
2021-04-17 19:09:32,1,61662D7F,-80
2021-04-17 19:09:42,4,61662D7F,-80
2021-04-17 19:10:13,2,61662D7F,-80
2021-04-17 19:10:54,5,61662D7F,-80
2021-04-17 19:11:14,5,61662D7F,-80
2021-04-17 19:12:15,3,61662D7F,-80
2021-04-17 19:12:46,1,61662D7F,-80
2021-04-17 19:18:11,4,61662D7F,-80
2021-04-17 19:22:24,4,61662D7F,-80
2021-04-17 19:24:21,1,61662D7F,-80
2021-04-17 19:25:03,4,61662D7F,-80
2021-04-17 19:25:24,4,61662D7F,-80
2021-04-17 19:27:10,4,61662D7F,-80
2021-04-17 19:28:13,2,61662D7F,-80
2021-04-17 19:28:34,2,61662D7F,-80
2021-04-17 19:29:27,4,61662D7F,-80
2021-04-17 19:30:41,4,61662D7F,-80
2021-04-17 19:31:24,4,61662D7F,-80
2021-04-17 19:32:28,5,61662D7F,-80
2021-04-17 19:34:14,2,61662D7F,-80
2021-04-17 19:37:23,4,61662D7F,-80
2021-04-17 19:37:44,4,61662D7F,-80
2021-04-17 19:40:32,4,61662D7F,-80
2021-04-17 19:40:53,4,61662D7F,-80
2021-04-17 19:42:07,1,61662D7F,-80
2021-04-17 19:43:01,1,61662D7F,-80
2021-04-17 19:44:16,4,61662D7F,-80
2021-04-17 19:50:18,4,61662D7F,-80
2021-04-17 19:50:18,3,61662D7F,-80
2021-04-17 19:51:01,2,61662D7F,-80
2021-04-17 19:53:30,2,61662D7F,-80
2021-04-17 19:53:51,4,61662D7F,-80
2021-04-17 19:54:55,4,61662D7F,-80
2021-04-17 19:55:48,4,61662D7F,-80
2021-04-17 19:55:59,5,61662D7F,-80
2021-04-17 19:57:13,1,61662D7F,-80
2021-04-17 19:57:24,4,61662D7F,-80
2021-04-17 19:57:34,2,61662D7F,-80
2021-04-17 19:57:56,4,61662D7F,-80
2021-04-17 19:58:17,4,61662D7F,-80
2021-04-17 20:00:31,4,61662D7F,-80
2021-04-17 20:01:02,4,61662D7F,-80
2021-04-17 20:01:12,4,61662D7F,-80
2021-04-17 20:01:53,4,61662D7F,-80
2021-04-17 20:02:03,4,61662D7F,-80
2021-04-17 20:02:13,4,61662D7F,-80
2021-04-17 20:02:33,4,61662D7F,-80
2021-04-17 20:02:44,4,61662D7F,-80
2021-04-17 20:02:54,4,61662D7F,-80
2021-04-17 20:03:14,1,61662D7F,-80
2021-04-17 20:05:26,1,61662D7F,-80
2021-04-17 20:05:26,4,61662D7F,-80
2021-04-17 20:05:36,4,61662D7F,-80
2021-04-17 20:05:46,1,61662D7F,-80
2021-04-17 20:05:57,1,61662D7F,-80
2021-04-17 20:05:57,5,61662D7F,-80
2021-04-17 20:06:07,4,61662D7F,-80
2021-04-17 20:06:07,5,61662D7F,-80
2021-04-17 20:06:17,4,61662D7F,-80
2021-04-17 20:06:58,1,61662D7F,-80
2021-04-17 20:07:08,2,61662D7F,-80
2021-04-17 20:07:08,4,61662D7F,-80
2021-04-17 20:07:19,4,61662D7F,-80
2021-04-17 20:07:29,5,61662D7F,-80
2021-04-17 20:07:39,5,61662D7F,-80
2021-04-17 20:08:10,4,61662D7F,-80
2021-04-17 18:43:36,3,61662D7F,-79
2021-04-17 18:43:57,4,61662D7F,-79
2021-04-17 18:44:07,5,61662D7F,-79
2021-04-17 18:44:07,4,61662D7F,-79
2021-04-17 18:44:18,5,61662D7F,-79
2021-04-17 18:45:00,2,61662D7F,-79
2021-04-17 18:47:06,2,61662D7F,-79
2021-04-17 18:50:01,4,61662D7F,-79
2021-04-17 18:50:42,2,61662D7F,-79
2021-04-17 19:10:13,4,61662D7F,-79
2021-04-17 19:10:23,2,61662D7F,-79
2021-04-17 19:10:44,1,61662D7F,-79
2021-04-17 19:10:44,2,61662D7F,-79
2021-04-17 19:10:54,2,61662D7F,-79
2021-04-17 19:14:20,2,61662D7F,-79
2021-04-17 19:15:12,3,61662D7F,-79
2021-04-17 19:16:47,3,61662D7F,-79
2021-04-17 19:18:32,3,61662D7F,-79
2021-04-17 19:21:10,2,61662D7F,-79
2021-04-17 19:24:31,1,61662D7F,-79
2021-04-17 19:26:38,3,61662D7F,-79
2021-04-17 19:26:59,4,61662D7F,-79
2021-04-17 19:31:13,2,61662D7F,-79
2021-04-17 19:32:38,2,61662D7F,-79
2021-04-17 19:32:49,5,61662D7F,-79
2021-04-17 19:34:56,2,61662D7F,-79
2021-04-17 19:35:07,4,61662D7F,-79
2021-04-17 19:36:10,1,61662D7F,-79
2021-04-17 19:36:21,3,61662D7F,-79
2021-04-17 19:39:49,1,61662D7F,-79
2021-04-17 19:39:49,4,61662D7F,-79
2021-04-17 19:44:58,4,61662D7F,-79
2021-04-17 19:45:20,2,61662D7F,-79
2021-04-17 19:45:52,2,61662D7F,-79
2021-04-17 19:46:34,2,61662D7F,-79
2021-04-17 19:46:45,2,61662D7F,-79
2021-04-17 19:50:29,1,61662D7F,-79
2021-04-17 19:50:29,3,61662D7F,-79
2021-04-17 19:52:26,3,61662D7F,-79
2021-04-17 19:53:19,4,61662D7F,-79
2021-04-17 19:55:59,3,61662D7F,-79
2021-04-17 19:56:20,3,61662D7F,-79
2021-04-17 19:58:06,2,61662D7F,-79
2021-04-17 19:58:27,2,61662D7F,-79
2021-04-17 19:59:19,2,61662D7F,-79
2021-04-17 20:00:01,4,61662D7F,-79
2021-04-17 20:03:14,4,61662D7F,-79
2021-04-17 20:04:35,3,61662D7F,-79
2021-04-17 20:05:46,5,61662D7F,-79
2021-04-17 20:06:17,5,61662D7F,-79
2021-04-17 20:06:27,1,61662D7F,-79
2021-04-17 20:06:37,1,61662D7F,-79
2021-04-17 20:06:37,5,61662D7F,-79
2021-04-17 20:06:48,5,61662D7F,-79
2021-04-17 20:07:19,1,61662D7F,-79
2021-04-17 20:07:19,5,61662D7F,-79
2021-04-17 20:08:00,2,61662D7F,-79
2021-04-17 18:42:44,4,61662D7F,-78
2021-04-17 18:45:20,5,61662D7F,-78
2021-04-17 18:45:20,2,61662D7F,-78
2021-04-17 18:48:49,5,61662D7F,-78
2021-04-17 18:49:41,2,61662D7F,-78
2021-04-17 18:50:11,4,61662D7F,-78
2021-04-17 18:50:52,1,61662D7F,-78
2021-04-17 19:05:31,2,61662D7F,-78
2021-04-17 19:05:41,3,61662D7F,-78
2021-04-17 19:09:21,1,61662D7F,-78
2021-04-17 19:10:44,5,61662D7F,-78
2021-04-17 19:11:04,1,61662D7F,-78
2021-04-17 19:11:04,5,61662D7F,-78
2021-04-17 19:14:51,4,61662D7F,-78
2021-04-17 19:14:51,3,61662D7F,-78
2021-04-17 19:16:15,3,61662D7F,-78
2021-04-17 19:25:45,4,61662D7F,-78
2021-04-17 19:28:55,2,61662D7F,-78
2021-04-17 19:29:06,2,61662D7F,-78
2021-04-17 19:32:28,3,61662D7F,-78
2021-04-17 19:36:10,5,61662D7F,-78
2021-04-17 19:36:21,5,61662D7F,-78
2021-04-17 19:36:31,4,61662D7F,-78
2021-04-17 19:36:42,4,61662D7F,-78
2021-04-17 19:37:13,4,61662D7F,-78
2021-04-17 19:37:34,3,61662D7F,-78
2021-04-17 19:37:34,5,61662D7F,-78
2021-04-17 19:37:44,5,61662D7F,-78
2021-04-17 19:39:39,1,61662D7F,-78
2021-04-17 19:40:00,1,61662D7F,-78
2021-04-17 19:45:09,3,61662D7F,-78
2021-04-17 19:45:09,1,61662D7F,-78
2021-04-17 19:45:41,2,61662D7F,-78
2021-04-17 19:48:53,4,61662D7F,-78
2021-04-17 19:50:50,2,61662D7F,-78
2021-04-17 19:53:09,3,61662D7F,-78
2021-04-17 19:54:02,4,61662D7F,-78
2021-04-17 19:56:10,2,61662D7F,-78
2021-04-17 19:56:31,1,61662D7F,-78
2021-04-17 19:56:31,3,61662D7F,-78
2021-04-17 19:56:42,2,61662D7F,-78
2021-04-17 19:58:48,4,61662D7F,-78
2021-04-17 19:58:48,2,61662D7F,-78
2021-04-17 19:58:58,2,61662D7F,-78
2021-04-17 20:00:11,2,61662D7F,-78
2021-04-17 20:01:53,2,61662D7F,-78
2021-04-17 20:02:13,2,61662D7F,-78
2021-04-17 20:03:04,2,61662D7F,-78
2021-04-17 20:03:34,1,61662D7F,-78
2021-04-17 20:04:14,5,61662D7F,-78
2021-04-17 20:04:45,3,61662D7F,-78
2021-04-17 20:05:16,1,61662D7F,-78
2021-04-17 20:05:26,5,61662D7F,-78
2021-04-17 20:06:17,1,61662D7F,-78
2021-04-17 20:06:27,5,61662D7F,-78
2021-04-17 20:06:58,5,61662D7F,-78
2021-04-17 18:43:05,5,61662D7F,-77
2021-04-17 18:44:07,1,61662D7F,-77
2021-04-17 18:45:00,1,61662D7F,-77
2021-04-17 18:47:37,2,61662D7F,-77
2021-04-17 18:47:58,2,61662D7F,-77
2021-04-17 18:49:00,2,61662D7F,-77
2021-04-17 18:49:51,2,61662D7F,-77
2021-04-17 18:50:01,3,61662D7F,-77
2021-04-17 18:50:11,3,61662D7F,-77
2021-04-17 18:51:44,4,61662D7F,-77
2021-04-17 19:08:20,5,61662D7F,-77
2021-04-17 19:08:20,1,61662D7F,-77
2021-04-17 19:10:02,3,61662D7F,-77
2021-04-17 19:15:01,3,61662D7F,-77
2021-04-17 19:15:22,3,61662D7F,-77
2021-04-17 19:15:44,3,61662D7F,-77
2021-04-17 19:17:29,3,61662D7F,-77
2021-04-17 19:18:43,4,61662D7F,-77
2021-04-17 19:19:56,4,61662D7F,-77
2021-04-17 19:20:28,4,61662D7F,-77
2021-04-17 19:20:39,4,61662D7F,-77
2021-04-17 19:21:53,4,61662D7F,-77
2021-04-17 19:33:10,5,61662D7F,-77
2021-04-17 19:34:35,2,61662D7F,-77
2021-04-17 19:36:00,5,61662D7F,-77
2021-04-17 19:38:05,2,61662D7F,-77
2021-04-17 19:43:33,4,61662D7F,-77
2021-04-17 19:44:58,5,61662D7F,-77
2021-04-17 19:45:30,2,61662D7F,-77
2021-04-17 19:57:03,2,61662D7F,-77
2021-04-17 19:59:09,2,61662D7F,-77
2021-04-17 20:02:03,2,61662D7F,-77
2021-04-17 20:03:44,5,61662D7F,-77
2021-04-17 20:03:54,3,61662D7F,-77
2021-04-17 20:05:16,4,61662D7F,-77
2021-04-17 20:08:10,2,61662D7F,-77
2021-04-17 18:47:16,2,61662D7F,-76
2021-04-17 18:47:26,2,61662D7F,-76
2021-04-17 18:47:47,2,61662D7F,-76
2021-04-17 18:49:10,2,61662D7F,-76
2021-04-17 18:51:02,3,61662D7F,-76
2021-04-17 18:51:02,4,61662D7F,-76
2021-04-17 18:51:13,3,61662D7F,-76
2021-04-17 19:05:41,2,61662D7F,-76
2021-04-17 19:07:38,1,61662D7F,-76
2021-04-17 19:07:38,3,61662D7F,-76
2021-04-17 19:07:59,2,61662D7F,-76
2021-04-17 19:08:40,5,61662D7F,-76
2021-04-17 19:10:13,1,61662D7F,-76
2021-04-17 19:12:05,3,61662D7F,-76
2021-04-17 19:22:03,4,61662D7F,-76
2021-04-17 19:22:14,4,61662D7F,-76
2021-04-17 19:26:59,2,61662D7F,-76
2021-04-17 19:27:20,2,61662D7F,-76
2021-04-17 19:28:45,2,61662D7F,-76
2021-04-17 19:31:03,3,61662D7F,-76
2021-04-17 19:33:10,4,61662D7F,-76
2021-04-17 19:37:44,1,61662D7F,-76
2021-04-17 19:38:05,4,61662D7F,-76
2021-04-17 19:45:09,5,61662D7F,-76
2021-04-17 19:51:22,2,61662D7F,-76
2021-04-17 19:56:10,3,61662D7F,-76
2021-04-17 19:56:52,5,61662D7F,-76
2021-04-17 19:57:03,3,61662D7F,-76
2021-04-17 19:57:24,1,61662D7F,-76
2021-04-17 19:57:56,2,61662D7F,-76
2021-04-17 19:58:17,2,61662D7F,-76
2021-04-17 19:59:09,4,61662D7F,-76
2021-04-17 19:59:30,2,61662D7F,-76
2021-04-17 19:59:50,2,61662D7F,-76
2021-04-17 20:00:52,2,61662D7F,-76
2021-04-17 20:01:22,2,61662D7F,-76
2021-04-17 20:01:33,2,61662D7F,-76
2021-04-17 20:02:23,2,61662D7F,-76
2021-04-17 20:02:44,2,61662D7F,-76
2021-04-17 20:02:54,2,61662D7F,-76
2021-04-17 20:03:14,2,61662D7F,-76
2021-04-17 20:04:04,3,61662D7F,-76
2021-04-17 20:04:25,5,61662D7F,-76
2021-04-17 20:05:16,5,61662D7F,-76
2021-04-17 18:43:26,5,61662D7F,-75
2021-04-17 18:43:57,1,61662D7F,-75
2021-04-17 18:44:07,2,61662D7F,-75
2021-04-17 18:44:18,4,61662D7F,-75
2021-04-17 18:45:10,3,61662D7F,-75
2021-04-17 18:45:10,5,61662D7F,-75
2021-04-17 18:48:08,4,61662D7F,-75
2021-04-17 18:50:01,1,61662D7F,-75
2021-04-17 19:07:48,1,61662D7F,-75
2021-04-17 19:09:52,3,61662D7F,-75
2021-04-17 19:15:33,3,61662D7F,-75
2021-04-17 19:16:36,3,61662D7F,-75
2021-04-17 19:19:46,4,61662D7F,-75
2021-04-17 19:23:17,4,61662D7F,-75
2021-04-17 19:26:06,3,61662D7F,-75
2021-04-17 19:27:10,2,61662D7F,-75
2021-04-17 19:31:45,3,61662D7F,-75
2021-04-17 19:36:10,2,61662D7F,-75
2021-04-17 19:36:21,4,61662D7F,-75
2021-04-17 19:42:39,4,61662D7F,-75
2021-04-17 19:58:38,2,61662D7F,-75
2021-04-17 20:00:42,2,61662D7F,-75
2021-04-17 20:01:02,2,61662D7F,-75
2021-04-17 20:01:12,2,61662D7F,-75
2021-04-17 20:01:43,4,61662D7F,-75
2021-04-17 20:01:43,2,61662D7F,-75
2021-04-17 20:02:33,2,61662D7F,-75
2021-04-17 20:03:24,1,61662D7F,-75
2021-04-17 20:04:14,2,61662D7F,-75
2021-04-17 20:05:57,4,61662D7F,-75
2021-04-17 18:42:23,1,61662D7F,-74
2021-04-17 18:42:33,1,61662D7F,-74
2021-04-17 18:42:44,1,61662D7F,-74
2021-04-17 18:42:54,1,61662D7F,-74
2021-04-17 18:43:15,5,61662D7F,-74
2021-04-17 18:43:36,1,61662D7F,-74
2021-04-17 18:45:20,4,61662D7F,-74
2021-04-17 18:46:23,2,61662D7F,-74
2021-04-17 18:49:30,1,61662D7F,-74
2021-04-17 18:50:52,4,61662D7F,-74
2021-04-17 19:05:52,5,61662D7F,-74
2021-04-17 19:09:21,3,61662D7F,-74
2021-04-17 19:09:32,3,61662D7F,-74
2021-04-17 19:09:42,3,61662D7F,-74
2021-04-17 19:14:41,3,61662D7F,-74
2021-04-17 19:20:18,4,61662D7F,-74
2021-04-17 19:27:31,2,61662D7F,-74
2021-04-17 19:27:31,4,61662D7F,-74
2021-04-17 19:30:10,4,61662D7F,-74
2021-04-17 19:35:17,1,61662D7F,-74
2021-04-17 19:37:34,1,61662D7F,-74
2021-04-17 19:45:20,4,61662D7F,-74
2021-04-17 19:56:42,3,61662D7F,-74
2021-04-17 19:56:52,3,61662D7F,-74
2021-04-17 19:57:13,5,61662D7F,-74
2021-04-17 20:03:54,4,61662D7F,-74
2021-04-17 20:04:55,5,61662D7F,-74
2021-04-17 18:43:57,5,61662D7F,-73
2021-04-17 18:46:13,1,61662D7F,-73
2021-04-17 18:49:20,2,61662D7F,-73
2021-04-17 19:08:30,2,61662D7F,-73
2021-04-17 19:08:40,2,61662D7F,-73
2021-04-17 19:14:09,3,61662D7F,-73
2021-04-17 19:23:28,4,61662D7F,-73
2021-04-17 19:32:28,4,61662D7F,-73
2021-04-17 19:35:17,4,61662D7F,-73
2021-04-17 19:35:17,2,61662D7F,-73
2021-04-17 19:35:17,3,61662D7F,-73
2021-04-17 19:36:31,5,61662D7F,-73
2021-04-17 19:37:44,2,61662D7F,-73
2021-04-17 19:50:39,4,61662D7F,-73
2021-04-17 19:51:44,4,61662D7F,-73
2021-04-17 19:53:41,4,61662D7F,-73
2021-04-17 19:56:31,5,61662D7F,-73
2021-04-17 19:56:42,5,61662D7F,-73
2021-04-17 19:56:52,2,61662D7F,-73
2021-04-17 20:00:01,2,61662D7F,-73
2021-04-17 20:00:31,2,61662D7F,-73
2021-04-17 20:01:33,4,61662D7F,-73
2021-04-17 20:03:34,2,61662D7F,-73
2021-04-17 20:05:26,2,61662D7F,-73
2021-04-17 18:42:23,5,61662D7F,-72
2021-04-17 18:42:33,5,61662D7F,-72
2021-04-17 18:42:44,5,61662D7F,-72
2021-04-17 18:42:54,5,61662D7F,-72
2021-04-17 18:43:46,5,61662D7F,-72
2021-04-17 18:44:18,1,61662D7F,-72
2021-04-17 18:50:32,2,61662D7F,-72
2021-04-17 18:50:32,4,61662D7F,-72
2021-04-17 18:50:52,5,61662D7F,-72
2021-04-17 19:05:41,5,61662D7F,-72
2021-04-17 19:05:52,3,61662D7F,-72
2021-04-17 19:06:13,1,61662D7F,-72
2021-04-17 19:07:48,5,61662D7F,-72
2021-04-17 19:07:48,4,61662D7F,-72
2021-04-17 19:09:11,5,61662D7F,-72
2021-04-17 19:10:02,5,61662D7F,-72
2021-04-17 19:13:59,3,61662D7F,-72
2021-04-17 19:14:30,3,61662D7F,-72
2021-04-17 19:15:54,3,61662D7F,-72
2021-04-17 19:16:05,3,61662D7F,-72
2021-04-17 19:16:26,3,61662D7F,-72
2021-04-17 19:25:56,3,61662D7F,-72
2021-04-17 19:27:20,4,61662D7F,-72
2021-04-17 19:27:52,2,61662D7F,-72
2021-04-17 19:28:03,2,61662D7F,-72
2021-04-17 19:29:17,4,61662D7F,-72
2021-04-17 19:34:03,2,61662D7F,-72
2021-04-17 19:35:07,1,61662D7F,-72
2021-04-17 19:35:28,2,61662D7F,-72
2021-04-17 19:35:28,1,61662D7F,-72
2021-04-17 19:36:42,2,61662D7F,-72
2021-04-17 19:38:05,5,61662D7F,-72
2021-04-17 19:40:00,4,61662D7F,-72
2021-04-17 19:44:26,4,61662D7F,-72
2021-04-17 19:50:50,4,61662D7F,-72
2021-04-17 19:56:20,5,61662D7F,-72
2021-04-17 19:56:42,1,61662D7F,-72
2021-04-17 19:57:03,1,61662D7F,-72
2021-04-17 19:57:13,4,61662D7F,-72
2021-04-17 20:03:54,5,61662D7F,-72
2021-04-17 20:04:45,4,61662D7F,-72
2021-04-17 20:05:16,2,61662D7F,-72
2021-04-17 18:43:36,5,61662D7F,-71
2021-04-17 18:45:00,5,61662D7F,-71
2021-04-17 18:45:10,1,61662D7F,-71
2021-04-17 18:45:20,3,61662D7F,-71
2021-04-17 18:45:52,2,61662D7F,-71
2021-04-17 18:46:23,1,61662D7F,-71
2021-04-17 19:07:28,5,61662D7F,-71
2021-04-17 19:09:21,5,61662D7F,-71
2021-04-17 19:09:32,5,61662D7F,-71
2021-04-17 19:09:42,5,61662D7F,-71
2021-04-17 19:09:52,5,61662D7F,-71
2021-04-17 19:14:20,3,61662D7F,-71
2021-04-17 19:24:31,3,61662D7F,-71
2021-04-17 19:33:00,2,61662D7F,-71
2021-04-17 19:35:38,5,61662D7F,-71
2021-04-17 19:35:49,1,61662D7F,-71
2021-04-17 19:35:49,5,61662D7F,-71
2021-04-17 19:36:21,1,61662D7F,-71
2021-04-17 19:36:31,2,61662D7F,-71
2021-04-17 19:36:42,5,61662D7F,-71
2021-04-17 19:36:52,5,61662D7F,-71
2021-04-17 19:36:52,1,61662D7F,-71
2021-04-17 19:37:03,5,61662D7F,-71
2021-04-17 19:37:13,5,61662D7F,-71
2021-04-17 19:37:34,4,61662D7F,-71
2021-04-17 19:44:58,3,61662D7F,-71
2021-04-17 19:56:52,1,61662D7F,-71
2021-04-17 19:59:30,4,61662D7F,-71
2021-04-17 20:04:04,5,61662D7F,-71
2021-04-17 20:04:04,1,61662D7F,-71
2021-04-17 20:04:25,4,61662D7F,-71
2021-04-17 20:04:25,1,61662D7F,-71
2021-04-17 20:04:35,5,61662D7F,-71
2021-04-17 20:05:36,2,61662D7F,-71
2021-04-17 20:07:39,2,61662D7F,-71
2021-04-17 18:45:10,4,61662D7F,-70
2021-04-17 18:45:31,4,61662D7F,-70
2021-04-17 18:45:52,4,61662D7F,-70
2021-04-17 18:50:22,2,61662D7F,-70
2021-04-17 18:50:32,1,61662D7F,-70
2021-04-17 19:11:24,2,61662D7F,-70
2021-04-17 19:24:00,3,61662D7F,-70
2021-04-17 19:36:00,4,61662D7F,-70
2021-04-17 19:37:13,1,61662D7F,-70
2021-04-17 19:37:23,5,61662D7F,-70
2021-04-17 19:44:37,4,61662D7F,-70
2021-04-17 19:56:10,5,61662D7F,-70
2021-04-17 20:02:23,4,61662D7F,-70
2021-04-17 20:04:55,1,61662D7F,-70
2021-04-17 20:04:55,2,61662D7F,-70
2021-04-17 20:05:05,1,61662D7F,-70
2021-04-17 20:07:49,2,61662D7F,-70
2021-04-17 18:44:39,4,61662D7F,-69
2021-04-17 18:50:32,5,61662D7F,-69
2021-04-17 18:50:42,5,61662D7F,-69
2021-04-17 19:05:52,2,61662D7F,-69
2021-04-17 19:07:17,4,61662D7F,-69
2021-04-17 19:15:54,4,61662D7F,-69
2021-04-17 19:24:10,3,61662D7F,-69
2021-04-17 19:32:06,3,61662D7F,-69
2021-04-17 19:32:38,4,61662D7F,-69
2021-04-17 19:35:17,5,61662D7F,-69
2021-04-17 19:36:31,1,61662D7F,-69
2021-04-17 19:36:42,1,61662D7F,-69
2021-04-17 19:37:13,2,61662D7F,-69
2021-04-17 19:37:23,2,61662D7F,-69
2021-04-17 19:37:24,1,61662D7F,-69
2021-04-17 19:38:47,4,61662D7F,-69
2021-04-17 19:38:57,4,61662D7F,-69
2021-04-17 19:41:25,4,61662D7F,-69
2021-04-17 19:41:35,4,61662D7F,-69
2021-04-17 20:00:52,4,61662D7F,-69
2021-04-17 20:04:35,4,61662D7F,-69
2021-04-17 18:42:54,2,61662D7F,-68
2021-04-17 18:43:05,2,61662D7F,-68
2021-04-17 18:45:41,1,61662D7F,-68
2021-04-17 19:06:13,3,61662D7F,-68
2021-04-17 19:06:13,4,61662D7F,-68
2021-04-17 19:07:38,5,61662D7F,-68
2021-04-17 19:12:46,3,61662D7F,-68
2021-04-17 19:14:20,4,61662D7F,-68
2021-04-17 19:18:53,4,61662D7F,-68
2021-04-17 19:31:56,3,61662D7F,-68
2021-04-17 19:35:38,1,61662D7F,-68
2021-04-17 19:35:59,1,61662D7F,-68
2021-04-17 19:37:03,2,61662D7F,-68
2021-04-17 19:51:22,4,61662D7F,-68
2021-04-17 19:53:30,4,61662D7F,-68
2021-04-17 20:05:05,5,61662D7F,-68
2021-04-17 18:42:23,2,61662D7F,-67
2021-04-17 18:42:33,2,61662D7F,-67
2021-04-17 18:42:44,2,61662D7F,-67
2021-04-17 18:43:15,2,61662D7F,-67
2021-04-17 18:44:49,1,61662D7F,-67
2021-04-17 18:50:01,2,61662D7F,-67
2021-04-17 19:07:38,4,61662D7F,-67
2021-04-17 19:08:20,2,61662D7F,-67
2021-04-17 19:11:45,2,61662D7F,-67
2021-04-17 19:18:32,4,61662D7F,-67
2021-04-17 19:21:10,4,61662D7F,-67
2021-04-17 19:33:53,2,61662D7F,-67
2021-04-17 19:35:07,5,61662D7F,-67
2021-04-17 19:36:21,2,61662D7F,-67
2021-04-17 19:36:52,2,61662D7F,-67
2021-04-17 20:03:44,2,61662D7F,-67
2021-04-17 18:43:26,2,61662D7F,-66
2021-04-17 18:43:36,2,61662D7F,-66
2021-04-17 18:43:57,2,61662D7F,-66
2021-04-17 18:45:00,4,61662D7F,-66
2021-04-17 18:46:23,4,61662D7F,-66
2021-04-17 18:48:49,2,61662D7F,-66
2021-04-17 19:11:45,1,61662D7F,-66
2021-04-17 19:35:28,5,61662D7F,-66
2021-04-17 19:35:49,4,61662D7F,-66
2021-04-17 20:05:05,4,61662D7F,-66
2021-04-17 20:07:39,1,61662D7F,-66
2021-04-17 18:43:46,2,61662D7F,-65
2021-04-17 18:45:20,1,61662D7F,-65
2021-04-17 18:45:41,3,61662D7F,-65
2021-04-17 18:45:41,5,61662D7F,-65
2021-04-17 18:46:02,2,61662D7F,-65
2021-04-17 18:46:13,2,61662D7F,-65
2021-04-17 18:46:45,3,61662D7F,-65
2021-04-17 18:50:11,5,61662D7F,-65
2021-04-17 18:50:32,3,61662D7F,-65
2021-04-17 19:06:03,2,61662D7F,-65
2021-04-17 19:06:03,4,61662D7F,-65
2021-04-17 19:07:48,2,61662D7F,-65
2021-04-17 19:11:55,4,61662D7F,-65
2021-04-17 19:12:56,3,61662D7F,-65
2021-04-17 19:24:21,3,61662D7F,-65
2021-04-17 19:32:49,2,61662D7F,-65
2021-04-17 19:35:38,4,61662D7F,-65
2021-04-17 19:57:24,2,61662D7F,-65
2021-04-17 20:04:25,2,61662D7F,-65
2021-04-17 20:04:35,1,61662D7F,-65
2021-04-17 20:05:05,2,61662D7F,-65
2021-04-17 18:44:39,2,61662D7F,-64
2021-04-17 18:46:02,1,61662D7F,-64
2021-04-17 18:46:34,1,61662D7F,-64
2021-04-17 18:50:22,5,61662D7F,-64
2021-04-17 18:50:22,4,61662D7F,-64
2021-04-17 19:07:06,3,61662D7F,-64
2021-04-17 19:07:28,4,61662D7F,-64
2021-04-17 19:09:11,2,61662D7F,-64
2021-04-17 19:09:52,2,61662D7F,-64
2021-04-17 19:11:14,2,61662D7F,-64
2021-04-17 19:11:55,3,61662D7F,-64
2021-04-17 19:48:31,1,61662D7F,-64
2021-04-17 19:55:59,1,61662D7F,-64
2021-04-17 19:57:03,5,61662D7F,-64
2021-04-17 20:01:43,1,61662D7F,-64
2021-04-17 20:03:54,1,61662D7F,-64
2021-04-17 20:06:48,1,61662D7F,-64
2021-04-17 20:07:39,4,61662D7F,-64
2021-04-17 20:07:49,1,61662D7F,-64
2021-04-17 18:44:18,2,61662D7F,-63
2021-04-17 18:44:39,1,61662D7F,-63
2021-04-17 18:44:49,4,61662D7F,-63
2021-04-17 18:50:22,1,61662D7F,-63
2021-04-17 18:50:22,3,61662D7F,-63
2021-04-17 19:07:28,2,61662D7F,-63
2021-04-17 19:09:21,2,61662D7F,-63
2021-04-17 19:09:32,2,61662D7F,-63
2021-04-17 19:09:42,2,61662D7F,-63
2021-04-17 19:33:21,2,61662D7F,-63
2021-04-17 19:33:42,2,61662D7F,-63
2021-04-17 19:57:13,2,61662D7F,-63
2021-04-17 20:04:45,1,61662D7F,-63
2021-04-17 20:04:45,5,61662D7F,-63
2021-04-17 18:44:49,2,61662D7F,-62
2021-04-17 18:46:23,3,61662D7F,-62
2021-04-17 18:46:34,4,61662D7F,-62
2021-04-17 18:50:11,1,61662D7F,-62
2021-04-17 18:44:28,2,61662D7F,-61
2021-04-17 18:44:49,5,61662D7F,-61
2021-04-17 18:45:41,2,61662D7F,-61
2021-04-17 18:45:52,3,61662D7F,-61
2021-04-17 18:46:45,4,61662D7F,-61
2021-04-17 19:07:28,3,61662D7F,-61
2021-04-17 19:07:38,2,61662D7F,-61
2021-04-17 19:11:34,4,61662D7F,-61
2021-04-17 19:33:10,2,61662D7F,-61
2021-04-17 20:04:35,2,61662D7F,-61
2021-04-17 18:46:13,3,61662D7F,-60
2021-04-17 18:46:45,1,61662D7F,-60
2021-04-17 19:06:03,1,61662D7F,-60
2021-04-17 19:06:13,5,61662D7F,-60
2021-04-17 19:07:06,1,61662D7F,-60
2021-04-17 20:04:04,2,61662D7F,-60
2021-04-17 20:04:45,2,61662D7F,-60
2021-04-17 18:46:13,4,61662D7F,-59
2021-04-17 18:49:30,2,61662D7F,-59
2021-04-17 19:06:24,4,61662D7F,-59
2021-04-17 18:46:34,2,61662D7F,-58
2021-04-17 19:06:03,3,61662D7F,-58
2021-04-17 19:09:11,1,61662D7F,-58
2021-04-17 19:11:04,2,61662D7F,-58
2021-04-17 19:35:38,2,61662D7F,-58
2021-04-17 18:44:39,5,61662D7F,-57
2021-04-17 18:45:52,5,61662D7F,-57
2021-04-17 18:46:02,4,61662D7F,-57
2021-04-17 18:46:45,2,61662D7F,-57
2021-04-17 18:46:55,2,61662D7F,-57
2021-04-17 19:06:56,1,61662D7F,-57
2021-04-17 19:07:28,1,61662D7F,-57
2021-04-17 18:46:02,3,61662D7F,-56
2021-04-17 19:09:11,3,61662D7F,-56
2021-04-17 19:11:45,4,61662D7F,-56
2021-04-17 18:44:49,3,61662D7F,-55
2021-04-17 19:06:24,1,61662D7F,-55
2021-04-17 19:11:24,3,61662D7F,-55
2021-04-17 18:44:39,3,61662D7F,-54
2021-04-17 18:46:34,3,61662D7F,-54
2021-04-17 18:46:45,5,61662D7F,-54
2021-04-17 18:50:11,2,61662D7F,-54
2021-04-17 19:06:03,5,61662D7F,-54
2021-04-17 19:06:13,2,61662D7F,-54
2021-04-17 19:11:34,5,61662D7F,-54
2021-04-17 19:11:34,2,61662D7F,-54
2021-04-17 19:36:00,2,61662D7F,-54
2021-04-17 18:46:23,5,61662D7F,-53
2021-04-17 19:06:45,1,61662D7F,-53
2021-04-17 19:11:24,4,61662D7F,-53
2021-04-17 19:06:24,5,61662D7F,-52
2021-04-17 19:06:35,4,61662D7F,-52
2021-04-17 18:45:41,4,61662D7F,-51
2021-04-17 19:06:24,3,61662D7F,-51
2021-04-17 19:11:24,5,61662D7F,-51
2021-04-17 19:11:45,5,61662D7F,-51
2021-04-17 18:46:13,5,61662D7F,-50
2021-04-17 19:06:35,1,61662D7F,-50
2021-04-17 19:07:17,2,61662D7F,-50
2021-04-17 19:11:34,1,61662D7F,-50
2021-04-17 19:35:49,2,61662D7F,-50
2021-04-17 18:46:02,5,61662D7F,-48
2021-04-17 18:46:34,5,61662D7F,-48
2021-04-17 19:07:06,5,61662D7F,-48
2021-04-17 19:07:17,3,61662D7F,-48
2021-04-17 19:11:24,1,61662D7F,-48
2021-04-17 19:07:06,2,61662D7F,-47
2021-04-17 19:07:17,5,61662D7F,-46
2021-04-17 19:11:45,3,61662D7F,-46
2021-04-17 19:06:45,4,61662D7F,-45
2021-04-17 19:06:56,4,61662D7F,-45
2021-04-17 19:07:17,1,61662D7F,-45
2021-04-17 19:06:24,2,61662D7F,-42
2021-04-17 19:07:06,4,61662D7F,-42
2021-04-17 19:06:35,3,61662D7F,-41
2021-04-17 19:06:45,2,61662D7F,-41
2021-04-17 19:06:45,3,61662D7F,-41
2021-04-17 19:06:56,2,61662D7F,-41
2021-04-17 19:06:35,2,61662D7F,-39
2021-04-17 19:06:56,3,61662D7F,-38
2021-04-17 19:06:45,5,61662D7F,-36
2021-04-17 19:06:56,5,61662D7F,-36
2021-04-17 19:06:35,5,61662D7F,-35
2021-04-17 19:11:34,3,61662D7F,-29
2021-04-17 18:54:42,2,61E62D7F,-95
